"","readname"
"1","0eaa68b9-5989-44ca-8e00-52eba6ba3ccb"
"2","b809addf-aecd-4469-af5f-0fffe2b18968"
"3","07ca9ce9-c8ea-43b0-9ae6-4c70067e04d4"
"4","66ee9512-36ea-4d38-8ea3-0e2283f0995b"
"5","dc87e5ad-fdc1-49b4-b307-077f0c9066f8"
"6","b88cff58-9a7c-4757-bd19-d4c1f321174b"
"7","e73f4a1f-1213-432e-b830-5c9415980f9e"
"8","ab49bc3c-876c-4e1e-a991-857c62ad6314"
"9","81d0740e-a489-4d3b-ab93-03fec6a16120"
"10","8743aa31-aad5-4236-b66e-e6be19631a6d"
"11","64d9d3b5-dbd7-4bc0-9f66-f1f952923e30"
"12","84cc25ec-eb5c-4198-a5ac-fafb859b5ad4"
"13","b36c586c-5804-424b-85da-eb589e2e848d"
"14","58d35f3d-eac6-4701-b71c-bbc291e6bfcf"
"15","0256d1af-a94d-4400-adfe-17eab99ea006"
"16","16477d0d-c62d-4a7a-97e7-31cc813c29e2"
"17","a6622a4c-389f-4b68-be06-f3128bce7700"
"18","d6e65980-e184-45c1-93b8-23d710b19335"
"19","1ea5eae6-b169-467e-8f13-b3b5928a8489"
"20","7e1a7239-983b-4793-93ef-6608aece292c"
"21","127142c8-5055-420b-8bc5-f3d4b662a1f9"
"22","c08527c5-db45-4169-bfd7-d00e4cc2a06c"
"23","0924dce4-375a-44ec-a215-73941a23df43"
"24","d0db154a-6a75-4da7-8b1b-b4bab1dcc924"
"25","d567cc6b-2e84-4b66-bdd3-92fae35e2d68"
"26","ea7c9f79-29a9-4e3a-bc04-b7c8f761691f"
"27","23daeb5f-0cfb-4fe3-a341-6f8f45daa958"
"28","0d71d63b-3efe-4bb1-bab1-df7c0bf5d0ec"
"29","00ede7c6-fc08-4556-b2ba-dcffe7764e89"
"30","11dee3bc-ef3a-4ae5-90f0-fb259a1a3668"
"31","6c61c246-55ef-43a9-a746-7b0d2c0aae20"
"32","df03f2ed-e66f-4e6d-9c96-413643d72e14"
"33","5923076e-9e3c-4c4f-9cec-4c0f21a80b08"
"34","6bf9ba41-3b3a-4c59-99ae-a3e6b3d4d2c1"
"35","a8d65ac5-04d9-4501-bf45-430e1451b5ad"
"36","6466a096-6842-4eba-8b5d-df5eb417f67f"
"37","79a715e2-c4c9-43cb-9c9a-99cd601037a9"
"38","ad5c2af9-bb24-47db-b96c-5e59850c5a37"
"39","ace44c72-cdae-46d8-bbba-c851ae761066"
"40","cef1d917-f6d4-4409-9031-5219f3fa5805"
"41","29a54e90-fd8c-4804-ae21-6c878aea242a"
"42","49550b25-7006-406b-a95f-7cb45e72221e"
"43","b518dff8-d8f3-478b-a014-246626c497ee"
"44","4e5433aa-0484-4673-bfbb-a3308d6dcf9b"
"45","c450b37d-3b27-4a1e-8fef-11ed56ea3168"
"46","cf2c09f7-a912-43d9-8d7f-0e5bafac711e"
"47","7458e8cf-f0dd-4f8d-9de1-323635d76368"
"48","7ef15be2-561c-4748-ba09-b4f19cb0f9ce"
"49","7dd69028-9cda-4374-b0e6-590200126e8a"
"50","7a59fe3c-5551-45b8-a999-53b6dae248c4"
"51","897320cb-f859-4cde-a0ad-fdd07b941d4f"
"52","0fe41bc2-1b0e-42e6-914d-3291cff1bb7e"
"53","5eb68bb4-e98f-410a-a4f8-77a78872f5e0"
"54","473cc13a-27f8-4a26-aa0d-a1426b16b001"
"55","f8789774-a094-4dbf-9571-7a6e0a674395"
"56","91b8d23f-618d-4c1f-842b-29f73c0f9b19"
"57","46e93188-47bf-424d-811f-67f64676fa44"
"58","60a42449-d611-4c1e-b80c-bbd1b76d7860"
"59","f0becf66-e16e-42cc-84aa-16f5fab6c33e"
"60","1aab536e-4a25-4596-ab4a-cb64559ae3bc"
"61","cfcfceb7-dd69-4856-b8cd-30efae71d1c9"
"62","031ffd79-2265-447a-a45f-44c20fdb97d6"
"63","fb1b9dad-ac6f-4b88-ae68-8ebc983aab2e"
"64","a378fcb3-caf5-43cc-b4e6-7b7e795fac4a"
"65","f2e8b4e6-d4d7-4f61-beb5-94835ff3394f"
"66","95817878-d9ae-4e7e-910b-58296d91780f"
"67","d6a5498e-0d99-4bb8-a8a5-df71ac5b4372"
"68","6b697a1a-0cde-4a44-84aa-e781d6724647"
"69","34d2a8dc-a97a-439f-a24c-1aaacdaa0a88"
"70","36f5b1a8-4a5d-4103-956b-17ac7dfb7ebe"
"71","f3c48014-9e81-4634-bf10-4066d9abb157"
"72","a4035a7b-7e8e-4ca6-9278-43e2910df576"
"73","8c82a38a-1a20-4b00-9e1e-c200a5c13f5b"
"74","104a6c74-153c-41a7-b7ed-59d1681177db"
"75","83f75c7b-9ea4-4264-b28f-a52d6e4c4264"
"76","14310ed1-df5a-471d-ae0a-3f586b993881"
"77","7b8c1ead-293b-4064-861e-cebc050e2382"
"78","434c5fda-3638-4db3-9501-47407a707501"
"79","b5b49df7-d324-4466-a553-0b8b1cdb1f0c"
"80","2bac3a3e-4a55-4846-82e4-20405e6bab33"
"81","d86774e2-baac-4ccc-88a9-b4b509c44bff"
"82","a3921620-1cf5-461c-8ec7-0c86cc40ccd6"
"83","13f7a73a-965d-47bb-9003-9e27e66eef71"
"84","c619d47a-380c-42a4-a978-2aae54f3a62f"
"85","2c864784-f394-4b18-beb6-be219fa8e66e"
"86","e4df3f59-71fc-4d5a-94b6-d4916d4085cd"
"87","b164387e-d1b0-44e0-a689-d613e02e2f62"
"88","6e14b3ce-3e7d-4090-b628-21c106fa0a22"
"89","df3bdf88-9b40-428d-b1e2-cef8ee78dd77"
"90","3b7acc0a-24e3-4f21-9f85-74835f149fc8"
"91","3d5524da-cb06-49d0-b76c-47dc658197a9"
"92","bd0b8a99-8756-4787-88c3-b9047db16bf5"
"93","fbe52d6e-3639-4111-800c-fcd65f9b54de"
"94","bf35cf8e-2e37-477e-8805-98804696f382"
"95","8abc3345-db5a-4fc3-9b39-0a62ad976a25"
"96","1ca59809-4c08-4422-846f-51e70d2ae9fc"
"97","6754bfe9-7bec-4311-9fc4-204ba56a4e6d"
"98","ce425939-e9dc-4291-84e2-a7501f52560d"
"99","359c2617-acc4-4794-8da4-a75ff3e7ac67"
"100","04f19aef-1bcf-41a5-ad2c-38d8494dd96c"
"101","697cb13e-052a-47ae-8a15-683dfc82cd5f"
"102","11d5e85c-d502-4e45-8db2-58213182ee02"
"103","47fa493e-f36c-4ea0-8840-e7fcb03ddc25"
"104","a1965826-cfc9-4fb2-93d5-c550a3728888"
"105","69d33a4f-e115-4728-9df7-b446e5c055c1"
"106","668d47d0-6f11-4c9c-9a44-b4e79ebd5947"
"107","e0f24aa5-57cb-45ee-a163-7fa96b061330"
"108","fcc20d16-bfec-4947-8c7e-76dec771515b"
"109","788b0de2-b5e1-466a-9a2e-fe424d7ce76c"
"110","f1b854f7-67bb-41dc-831b-054de685f340"
"111","dcff6043-3fcb-43e8-9ad8-52a898d4c2f6"
"112","588de58c-2218-4d97-9a24-c286a44d2ca9"
"113","2e1aaf4f-a266-4de4-80fc-a409e3e447fa"
"114","386dd413-5fd1-4352-a10c-5042c1896fdc"
"115","a277b57d-641f-4719-a08d-2fa079bb58a8"
"116","193cdd0e-06d9-4623-911d-5a0b823a38d4"
"117","0e98eb27-75d3-4981-8869-b74d4358f129"
"118","3bd52430-c37f-4b1e-89a2-b224e95d1527"
"119","10f1b479-b340-4500-9a42-177bd8b6cb6b"
"120","92f0519e-f421-4264-9096-67f0e0ea7487"
"121","30c5a909-5d76-412d-9d5e-40b686aebfaf"
"122","736380e0-dfc8-43f7-ad75-160d90fd2f0f"
"123","5e99fa54-aa7d-4697-9a18-1dcc0be1485c"
"124","7b38748d-2996-4fe5-a538-e0c020646a59"
"125","92d3f6f5-913e-4c30-94fc-2aa80fb2da8c"
"126","0fa15b93-f10f-41b2-913b-8817c26a7ff7"
"127","81fccc03-7361-4db3-891c-14748f3383d0"
"128","08137a92-5d92-4a74-82e5-65ad2f065747"
"129","832d9ef2-cf61-486c-b1ae-f2e4d3ca0507"
"130","676bdc25-e0c3-4b47-9e07-38aff9833dbb"
"131","4bdcef24-c422-4336-95bd-5b4f2b44c39c"
"132","43ca9b3f-1ce4-4124-8bbb-3b6dfd3dd19f"
"133","e7045a13-2e24-49de-9a1a-cc53137b49e6"
"134","36b91dc1-8a2c-4588-a4e6-2232c3f27b4e"
"135","699d9e1b-2e07-4521-b7dc-ef7fe0b62b5e"
"136","1ae3f679-96ca-4d71-ad55-7c0c7a0f0369"
"137","7d998616-0964-4450-b759-ca4bac0e37b2"
"138","24498594-dcd2-45f7-af02-8abf7540e595"
"139","74fb08ee-496e-4ed8-ba68-5f7841fc98ca"
"140","9a90f4a4-bf41-417e-a4ff-7788384be60f"
"141","8e43e6ba-25ca-4927-9cfe-80aef67786c3"
"142","fd979b47-17f6-4094-9348-7b6a32e2a8f1"
"143","e8fda3dd-b6a8-4332-bdfd-eb87135a1bde"
"144","7e9fc2d1-8617-4320-9e26-27ffcc4737a5"
"145","30cf8feb-178b-49ba-bdc6-30fb8ea4291e"
"146","6f058017-c975-4579-8505-1bdd29734916"
"147","20e9aa5d-ee21-4fe0-826d-153d0324e834"
"148","279c759b-c544-442b-974c-dca98082910a"
"149","14f0ad13-693e-402a-ade8-5326c5531755"
"150","9d1910f7-21ae-4fda-9aba-586c4f1d1cc1"
"151","ddd09644-5a0f-4c93-8b35-9ada0901d027"
"152","ef2417c9-730a-4867-941f-e4aa4de9fde3"
"153","6a945352-fcce-42df-8638-143b45e88e7c"
"154","cd3fd188-3930-48e7-9500-30781034b0e5"
"155","8a842869-ce21-417b-8f99-b5116c71217e"
"156","e5d25a91-ac3c-488f-af15-cae738a9d220"
"157","584c5989-173c-4e51-b315-a297218ef333"
"158","3f24782d-c4bb-46ef-8e4b-c1a4d0edacfa"
"159","0ab3de83-d70d-4691-a29b-b9f900113a13"
"160","0e010b26-93e3-493d-9a74-b4603251e851"
"161","9d67a532-4602-434f-a275-e6b2c3b02b30"
"162","e7bb7d86-83c3-4e4d-aa33-ea6d65d2cfd9"
"163","ba83e8e8-e9ae-4eb0-9485-ff7eb942b9ad"
"164","5dcd34ad-44be-4200-8bf8-b58a7a5b6d3f"
"165","70ed0232-1819-4265-8adc-0a9ca8cbfed2"
"166","304f85f8-cf04-41e7-873a-8717e3af1522"
"167","63a0300a-6247-4a3e-90c3-27a45c6b220b"
"168","756158b5-5921-44ee-9657-dfbe43a03ca2"
"169","b3149752-2787-4f30-ae58-376e0e85373f"
"170","34b4b332-5531-40cc-a497-63d908467a02"
"171","c4321a40-8d3c-4bb6-8ced-24dcd12973e5"
"172","4d23158f-281b-403d-b9e1-1841c90adfaf"
"173","d8c2c46d-a633-4157-b84e-474f08f57e68"
"174","028793f3-13d2-4c7d-aa8e-05f53de01903"
"175","bc25b1f5-cb09-4b39-9599-78d7c29190c3"
"176","3615fbd5-5d04-4dfd-8dd4-0d78f37dc64f"
"177","477d0cb8-d49e-4d0f-b630-e5282bc75c93"
"178","d75bf4c4-d86d-4aaf-b3d0-2e31c225a8a8"
"179","7906c578-fd87-47ff-ae83-2928c182412d"
"180","a0f17544-5141-4df1-80a9-6bfe08927b12"
"181","7593a6b1-dead-478b-94cb-2b495fd7f9b4"
"182","4d961df8-c653-4e69-a6af-991d1f4bdf64"
"183","2b563399-2b38-4c3f-90b4-ce3ef82aec8a"
"184","8510f6c4-ea2a-405f-a89b-32e188aedfd7"
"185","2c423fb9-96ba-465b-8c31-b717cb3e8887"
"186","942db920-20f2-4fcf-b842-5edb9fc07c51"
"187","9cfe82e4-2159-49a0-b2e7-56caf8407bc1"
"188","773a6723-7e55-417c-bc20-245bec82371a"
"189","6426f0f7-1a9f-4a32-a3e4-582ee6d54e0e"
"190","2124381d-3b43-4421-a464-e9a9f339d4ba"
"191","9126e40d-c96e-4a4b-8a63-0c9130403d31"
"192","edadbf0f-2290-4ea4-afb2-a726e3276d92"
"193","54f6c01b-6e43-4045-8b2f-b29e3b243345"
"194","9b9b3216-4f84-40cb-ba5d-7d5b76643b87"
"195","d793cab5-29b5-4295-b1ce-6105ec1e9d5b"
"196","1396a9d5-bd6f-4e6c-9f26-3ea2e9dc10ba"
"197","69571f02-6cdd-4b7e-acb9-360fc3f59666"
"198","5e84c9cb-437e-4dc3-b096-3a0708f59691"
"199","49b45fe5-c1ed-49e4-aad5-e7fa79774906"
"200","f05b5880-197b-41c5-8a9b-b96f0ae2f141"
"201","9940b9db-7a74-4af9-818f-817d7c5e876d"
"202","0d1af0ba-5a7a-42b0-bbc4-8be328c78c68"
"203","b96a7236-a837-4d18-a5d3-5bad99812fc1"
"204","80a6ca8f-89bd-42dc-8907-6e99ed204574"
"205","39fe9e73-f365-4712-945d-40989641054a"
"206","149f5dc8-18c3-41aa-b005-0a1ec13a4fd9"
"207","2149bf24-f215-4323-93d9-6be1be06ec95"
"208","d501846b-bd59-469c-8c74-074ced8e6bce"
"209","892639fd-a0d6-472e-b6e9-b53b6a2edf16"
"210","56c8bd0e-47e9-4f4a-8ad5-0d592e984720"
"211","d9b46887-8fb1-43e0-aa32-a6aac52b3c21"
"212","a1d2edb9-a7e6-4898-ae04-e4788c55b949"
"213","bfc9611a-4d01-4723-84e4-83df7e74ac5b"
"214","4a9cc44e-1c83-4fa9-97ce-c462843533fc"
"215","4179bd68-7aa2-468d-aac1-96dcb2e1ece6"
"216","a4a27634-4d47-457f-8ed4-d0cbed6ea059"
"217","4ec3f963-06eb-4c22-9705-c94ad418a32c"
"218","d9b2ad8a-019f-482b-b73b-73bf619bf21c"
"219","9b291df1-1fae-44b6-8fea-8ae9aa0e7651"
"220","7ec66c87-7c7a-4602-a3bc-7d1d8c094a89"
"221","c3a059a9-3fb4-493b-94e8-3a88a3e32fc0"
"222","9b3965e4-ae1d-400e-aa2d-5d1e55b068ec"
"223","43b7af60-8d17-41f6-8252-a633a5cce95d"
"224","2a2b276b-c3ed-4646-8784-46d52376ef59"
"225","b23224f1-cabc-4fe1-b5db-c2b5477fd360"
"226","6cfa3d27-2b34-4054-bb0b-b013ab241a59"
"227","712ba3c6-461d-4cf7-8f76-3ee14c1c0fb4"
"228","2ce0b48b-c2ed-4b7f-8442-71ca2f8bab2b"
"229","ad620cb8-bd65-4479-ac48-fc19f3d940f9"
"230","81487764-5c3a-4ed3-a61c-e2011baddc2b"
"231","8da13b64-bdb6-4890-ada1-a0ae6037c2d9"
"232","d1118d0f-0f5b-4968-b931-fb65aa603b74"
"233","2c933a4f-f358-4186-93d1-a5fc15cce763"
"234","5e02187e-77d3-4492-9998-e6a45b86cdb2"
"235","36ed45be-06c3-4b2c-a50e-d1ec2b20b2e6"
"236","acbad0e3-22e8-4875-8d19-2150ef79a66e"
"237","c51d299e-6e00-485b-a647-13837e61539b"
"238","299ce10a-1097-4c8e-8b7d-4893f165dafa"
"239","51fa067e-9403-4d2c-a4d5-d3ead4ac50a9"
"240","fdf64ed4-a5d4-4f44-861a-b5eb71a276ef"
"241","4dd8d7c7-4983-4dcb-b842-9e549d3d5731"
"242","3bec38a9-c1e1-4ef8-9890-af454dc592dd"
"243","fe27655c-cfb0-47c7-b35c-4a08022d95ed"
"244","d3690a36-70ce-4e8c-9d3a-627b81b16db2"
"245","97240aba-4f40-48d1-8fa0-ab8748effb83"
"246","8b7bccc4-4709-4cca-89f6-c2149f7d8644"
"247","20b9b678-060b-456e-828c-ebbf3eedf34c"
"248","3973f45b-6534-42d5-9df1-0b8917ca8b42"
"249","60d1b210-1c81-4410-b281-8d0085efc5e7"
"250","505c0959-6bae-4bf8-b762-c8b060bc566f"
"251","2a404527-9b0f-40da-9d21-f32871027260"
"252","e3f50255-46da-41e2-b50c-b943d58e1645"
"253","a99b2a2f-f6c2-4858-8ac4-2d00339f2f82"
"254","10737b1a-d3ad-4b2f-84b5-5f072852bdf1"
"255","313ba2cc-17be-4818-bc57-2ad0a6601b1f"
"256","dc6578c5-f26c-49bc-b8b7-36c762e9e0e1"
"257","a427ee7d-b8b4-490a-93ae-a8259979af5d"
"258","f9d5cd71-76c6-4d03-8dbb-735a6aae5483"
"259","c611e474-8450-49a8-a986-61eb8a39eeb2"
"260","6b3d0340-0337-470a-8083-84e53c15dd69"
"261","0ff9cafb-9bc4-40dc-ab82-e03aae5135c7"
"262","d7ffd099-8c65-4aea-8544-a4038799d8af"
"263","ee3c6238-a1f8-4d21-8732-93f63e26d584"
"264","9ce38b01-c71c-47f5-b18b-5283462a43bd"
"265","82a36828-2349-46ac-8252-fce50c1af063"
"266","bd54d960-5c5a-40a1-ae3c-cd92a3d28df6"
"267","43f25eea-001b-44e9-9258-dd219a72f7a9"
"268","18f8efad-918e-4a7c-96f1-111a3d9addf3"
"269","0a5991b4-4b68-4e61-ae3a-a3c2ebb8bc93"
"270","20b7477d-756b-4edb-8857-f6686d89c467"
"271","c36949ff-c843-48b3-a8eb-585977851389"
"272","30b655b0-d6c8-4756-898b-02a4131eec90"
"273","087f3bc7-3a3e-4837-ab1e-cbdd680dd0dd"
"274","c311989a-de26-48aa-97f1-7b9312bd81e2"
"275","947eb190-35e5-494a-a756-85552e76c982"
"276","5efa5603-6a78-4e03-814c-cae367558396"
"277","5214ad32-41ce-4fbc-87e3-05e9bb69692f"
"278","c937d581-ff96-4c29-92c8-b252bcc6cc81"
"279","5491c09b-c6ff-413e-a33e-5bc6defce013"
"280","f558d362-a393-450f-b2dc-f003f1e7f777"
"281","6c0bbf5b-bd4e-4849-ac7e-9e03a41a3a88"
"282","3298762f-70f0-4948-bc56-e14b4e4e8983"
"283","c117ebe4-60bf-4438-87ff-b728a9f721a7"
"284","d21fd372-a555-491d-acb4-ef6ba198540a"
"285","b9ea512f-60f4-48e8-af7b-de636d35eef4"
"286","190baf49-a677-4491-b528-94e047e6037f"
"287","28c64b84-2ce5-4658-b227-97611f642a95"
"288","0be9455c-3594-44c0-8575-2bbde61b1e1a"
"289","f34c02e7-7154-46d1-8823-c7f738fa9f6c"
"290","317a0e6e-729e-4963-aca2-7c20c1b480f8"
"291","f11cbc25-4d4f-4a4d-b7ec-a72cfef3f038"
"292","3955efcb-6d8c-4a15-8998-5690d8815ca5"
"293","651e47d4-4475-45c4-b0b4-91836216035b"
"294","1567931a-30f0-4056-ba6a-645524e43aaa"
"295","3cb6b3b0-72bc-4f03-bc4b-588fcc0624e6"
"296","666fffd4-9d64-452d-99e8-103b8fefa71c"
"297","cbe6d56b-ada9-4ce9-a49e-918b2d3c2f22"
"298","c7f9a008-0478-409e-972b-fdcc2c222f6a"
"299","f4251757-9d48-4054-9acf-7780c259d1a1"
"300","16e0b986-0e85-416b-88ef-6f26290f30a0"
"301","7018ac76-bc18-4393-8555-edecee956939"
"302","59f18924-f203-4ecd-b4c8-695eb4659e98"
"303","ffe30f0e-3d1a-4b0c-901d-a51e97b1049f"
"304","9281a56a-eea5-49d2-a43e-613499d8d666"
"305","acce5507-c07f-4ebd-afb2-8e0eaffec5e6"
"306","65773c84-31ba-438a-809b-8fd0707d2d73"
"307","5795a2a6-753a-487c-9b20-c21acb4effe6"
"308","534fe68c-e4f3-49d5-bf11-76729e057c81"
"309","06385790-b51c-4390-8e0c-d22e0e590483"
"310","0adec540-38e3-4097-9749-c5e39cf5a427"
"311","13a8b7ac-74be-4f38-bcba-9eb84a00cfe6"
"312","29661e97-ba65-4806-a113-aedc08d960d2"
"313","59aaaf6c-a194-4e3f-bcfa-6ef127bf1206"
"314","1e1d118f-084b-466b-afdd-92329576a727"
"315","9a81c47d-ba6c-4a52-85a6-f851a0052b02"
"316","0197ce91-8b35-4d95-8d74-0c58f209ce31"
"317","da3ddd6a-b91d-42a2-8943-425454bfdab7"
"318","302ec930-39f8-4f89-9ca6-93ddde9eb3b9"
"319","80b1a160-4cae-40ef-9e77-07b8f0c9eb37"
"320","a3ecd8c5-c9c1-4bc8-b1a9-4516874cdce3"
"321","8d0f18ce-7c03-40dd-b4fc-85d3642eb6d4"
"322","6fe4cf45-9941-4695-97ff-f6edfd8627a5"
"323","56a74841-ce60-4e40-8cbb-afe1ae0ae24c"
"324","eb33a540-2c65-44b3-8f60-933c21fa45d8"
"325","1f972bd9-983c-4d2e-ab8a-b8727dafa550"
"326","6a1dd8dd-7f16-41c7-a72d-38963bd642b7"
"327","509fa649-c657-4fe4-9f00-babf56f4283c"
"328","635df949-5f6f-41ed-b991-13bd2c19a126"
"329","3be269ab-c5b3-483f-9476-dbdaa09240d4"
"330","4eb2138c-a7fb-4b82-9da8-37d1a38378e0"
"331","9dcfb904-ad13-4423-ab6c-0950bb934f1e"
"332","d5457cda-7e56-46b7-9199-8ee2d56d6f42"
"333","d7c1bebf-4d0a-4c90-a977-918cbf8158ea"
"334","91f3b655-cb1a-4404-860e-ae083c822cf9"
"335","2743cb0d-77d9-4764-ab0b-ef6dd489e206"
"336","9d6fb375-74e5-42b0-ba9f-591b0d71013b"
"337","c3214621-37aa-415f-9c3f-38e2d872680a"
"338","d9c44b95-8d5a-4815-b924-1d3d6dd824b3"
"339","1389d734-a04f-4c38-987b-33656869da6c"
"340","46a85144-7f0c-4209-a1a2-a64d8c9817c6"
"341","d8255c86-4224-41fc-bb81-e0857e72e118"
"342","23df386b-0636-4b77-9edb-d9e990ecb183"
"343","b1b245d8-fc71-4387-9f2e-3ffef8aed4c7"
"344","77ccfd03-26b4-40d2-afe3-b40ec018e319"
"345","8fdd12ab-1820-41a9-a7f4-04b38b0ec406"
"346","26cb8797-dce8-49e5-a17d-7f999925371f"
"347","c84813e9-d74c-4799-8c7c-ff7c31446a56"
"348","57add198-3d33-4e77-8906-f4a5526aa427"
"349","62005aab-d333-43fb-86e5-178c86ec51cc"
"350","84b27cb9-d75f-4fc9-b9b4-3127ba25249f"
"351","e0f1312c-9a98-4f5d-9d18-2ecc85e2cb6f"
"352","b870c00b-3e86-4ca5-9a96-26381675cd23"
"353","c283a0c1-7e8c-4b04-a3a4-fce4162431d0"
"354","995cac46-c098-4ffd-ad09-cf68e19a5153"
"355","df0f2f07-6bba-42cf-8ba6-f46e382aa247"
"356","3d760d1f-4b14-4b8a-ad2a-aad9d97d8443"
"357","78797102-9a92-4d74-8541-6cb5cea4c46d"
"358","2fb3076f-aaaf-459f-be57-88fd23f82c19"
"359","d3c4395e-0b2c-4bd7-b56a-32799e19a9c5"
"360","a184673e-6a89-4962-8bda-32cde4541f25"
"361","5b4524a7-f890-4789-9cb7-c62f37bf6487"
"362","5c6c10a5-3e39-4e53-81f4-86907b15c131"
"363","5e6ce3ce-1490-47bf-8960-254bce10fdf6"
"364","881bc08f-7ad3-4006-9559-116c33e7b460"
"365","aa804d7e-c8e2-4957-9f4a-aab7afd42747"
"366","84e93da1-402e-44ce-8dfb-91ac2f4286ea"
"367","1261b620-8bf8-42d4-b9bd-d9f498b2e278"
"368","7834130e-2bb9-4b57-9073-e119b3f370c8"
"369","3fdbf89c-e9f2-4c57-8098-f4db817ce490"
"370","24ae98a7-b155-4e9c-98c6-60264640d936"
"371","6e048228-476e-4287-8f2f-6dafd3dae2e4"
"372","92e20228-4030-4be3-ba3f-64066da5f852"
"373","8789579d-f440-4819-b6d1-80599cb06720"
"374","d85221ca-7162-4760-83af-ede6332f1c62"
"375","a15f5dec-1a0c-4838-8878-e49fafcdee77"
"376","15e9c3fc-b638-4796-82d9-93761a3a2327"
"377","c429ffc8-b909-4256-9c23-3535bfdd7882"
"378","34a1a5e0-a526-4927-af44-7e6d95dc013a"
"379","4f032752-61b1-4c03-baff-39c09461cfae"
"380","f0ba110f-6169-4034-b0b5-886f63267750"
"381","093161d5-2e5f-4e0d-a10a-55a3312b88c8"
"382","db50181c-6936-44be-a5bb-62472a5efe6c"
"383","f0411906-faa4-4b81-8b43-08c219700ab6"
"384","1eff54ee-0f8e-434a-a3f9-5c21d8d09b3a"
"385","f7578f00-30a7-40de-88b4-4c0a8b093289"
"386","f851f126-482e-4316-821a-08b6ea589056"
"387","0299cc85-1f6c-4d06-8a15-73bdf78a66ee"
"388","cdc78e51-eb95-48e9-aab1-33c12bbd411b"
"389","f688aead-8349-4647-bc24-c776cd4fc449"
"390","0d412d0d-212a-44ae-9113-bc58a07ec05a"
"391","9f55d24b-46f3-4080-9d10-9d74bcf19af2"
"392","4ef9ffae-be8b-48fd-80a6-e89e82658da5"
"393","ee8f1ee3-0867-4ec1-951b-dddf8bb5615e"
"394","deabfbad-09e6-4f83-9bf6-6aa390ea489f"
"395","fc1f51c7-0227-4be3-b1b3-21d4d632cba4"
"396","09efd874-1045-4193-93fa-183d89c948a8"
"397","9768e27e-d860-4fe3-848e-3678ab5f9670"
"398","935b2557-9f74-4a07-bcc1-3c72577cf575"
"399","62b85ed6-8d95-4ceb-a09a-bd372e81966e"
"400","75d81b7a-bc56-44c4-aff9-8f3d5c3b378d"
"401","9d4d9c04-251c-40b8-9659-af54fa9110f0"
"402","511caaa9-3ab6-4382-93db-992a8be83c15"
"403","2994caa6-ebf3-4ce9-b3da-abc47bd95dee"
"404","f27d3367-a856-4576-b588-967e16625448"
"405","7541524b-b132-48f8-8b1f-43c39f141b3a"
"406","68b39238-fcd5-4210-99d3-90ebe8c6e74f"
"407","f5c7ecad-75ae-4269-8d20-83e040e2ac2b"
"408","8f8d5735-6a49-4d39-bc97-59e26d15a851"
"409","667976ea-aad3-4be6-acb0-89501140966e"
"410","8129d06f-e31d-4bab-82e0-501e23b38fde"
"411","182a0f58-9047-4d93-8826-70f5b8eea6e7"
"412","ef03893c-6356-43c2-96b4-aa80ff58e313"
"413","df6d2b1a-134b-4889-ac65-8cf35790dc15"
"414","194cf248-a128-4b5d-ba56-058cace0838d"
"415","d3f32cee-fc18-44fd-9974-97dd97b80558"
"416","12c77eff-3cfe-4c09-9e58-2704adf72e0f"
"417","da888423-734a-436a-a1da-d43ecbc5cc12"
"418","a5c0822b-6652-4616-842d-1049deb715b0"
"419","4126191a-b4fe-45c4-829a-ee213745a1b1"
"420","c320149e-fd16-4c95-852a-8be12d1e5615"
"421","b4b970c0-6dc0-4b16-ae06-dc603b2571b3"
"422","32451907-45ea-4572-84b2-0db93f2f0616"
"423","4cafd76b-c29c-4eb1-95a0-fc7c5d0951f4"
"424","11ef5ffa-44a4-481c-8326-601ee6f79424"
"425","8f3e9c02-7fe0-4886-801c-8d84ecb6655b"
"426","0efeb241-e05c-49d4-824c-b201091e8fd8"
"427","57507b2f-d0d0-499d-af30-c81d929e2d0b"
"428","b70c19a8-5156-40ba-a2ea-b1e32cdf1b32"
"429","0beda2e6-71a7-4fd2-be90-3119419d1f12"
"430","b3b28cf7-efad-4254-a404-fd7e44a049d6"
"431","d8fb8705-d0ff-4ad9-bc92-2f2c7f4fbe4e"
"432","f1d093f9-68be-4a47-9973-a6bc12b9569c"
"433","302b6edf-6db9-4a9f-8e7a-3c18d4c2487d"
"434","3cb735b1-c6cf-42cd-a80b-00cf37dddcc7"
"435","5fed0f7d-33ba-43ba-a4db-34fea2caebe9"
"436","edc90dd3-8853-422e-8ba5-eec80bbdbadc"
"437","b62e03d7-d743-46c3-bd70-970ba75a784e"
"438","dad16df7-3a5c-4a7f-89f1-8ba0b3f0fbf0"
"439","8039a872-9b81-4054-967c-f7a1f78a9bb3"
"440","9ced9a54-16f4-41ad-b63b-713e46875f11"
"441","eebede4d-5e57-4de9-839b-0b680f2b4476"
"442","2370634b-5c2b-4d7d-82d8-7189ab70ea3d"
"443","af2e16d5-9ac9-4b39-8491-30386c6cb778"
"444","8e410f26-9c03-4b09-9ede-524e292a84f7"
"445","7d557d18-24b5-4cce-bfdb-d1ee3155a5c8"
"446","99b9bc05-60cb-4af8-8d0a-aae5cb50bf7b"
"447","70416ad5-ea92-4be9-9bc5-e1b78453a857"
"448","1be21586-3eed-43ad-ac53-ab2c398f68cc"
"449","d68f96aa-87bd-46bb-ac6d-cd07ef342364"
"450","2da27e9e-216d-4389-a402-4f34aea6b4b9"
"451","6074ca0b-3bea-4257-a887-3528b08ce4d2"
"452","da409a2e-8e45-413e-82dc-663111e16224"
"453","76da64a1-7d3d-4201-af3b-853e2c7fbc59"
"454","467642b2-e775-40ff-a08c-3617ed872a71"
"455","3035cc90-91ef-4e0b-bfd8-6483ec92ddb0"
"456","59e8a5e3-f689-4056-af9a-c35884aa02c9"
"457","27505663-2e0a-4ae9-a403-fbd2276e9aa6"
"458","e8a5429c-03b9-4a1f-9957-cc9addf0bd33"
"459","003644f5-dee6-4a79-a070-60033a26bf8a"
"460","43692913-6017-4549-9de3-3cbabcd88740"
"461","0a525612-eb04-488f-87e6-c84950ff32c2"
"462","81b0124a-fd75-48c9-9acf-0948cfee7ba2"
"463","6cb26d2b-0234-4f13-acaf-8e8541fb943a"
"464","a1491af9-c0f0-4b2e-873c-9212a566e4c0"
"465","7dab93e9-e8be-45d2-a051-4db90b0ee9e5"
"466","0526beec-0caa-40b4-9ff1-09233f200151"
"467","a44fbea9-3ca1-4dba-b23b-9c8b16359040"
"468","3b4d8253-31ee-428c-a07a-54505960302f"
"469","12244eaa-96ff-4f32-87c7-9b88ed88c242"
"470","fe596a05-1f88-4b3a-8043-2824024b9483"
"471","efe1da63-d11c-4a53-b194-3789fbe81c75"
"472","a7d5c906-068c-42c2-ae12-431e9cedb313"
"473","51415f96-4bd8-4bbe-8af7-0417bb9d525b"
"474","ad1410da-6baa-4125-b16f-f1bafdb88cf1"
"475","c117ce53-f0fb-4b35-8dd2-39c88b4c1fe4"
"476","4c80d90d-c278-4f8b-937e-283c3fb6ffd4"
"477","c8754a70-bb1a-4e4a-a637-fa7629ed0b19"
"478","6643267c-1be4-4c91-9397-e0612c25a5d0"
"479","c402244d-e466-434d-82ff-7ca305a0ba23"
"480","70c830a9-6d4f-4065-8bc6-6f82d4a39ae1"
"481","b9bbbe72-ac91-4a1c-963c-fd9103288d9a"
"482","22b497e4-13eb-409a-b4e7-bda08ae2e165"
"483","c1fab937-a679-4fa7-966d-21f37230abe2"
"484","af81923c-84d8-4f53-a57c-f3364a89d5f4"
"485","b481a678-b181-4c27-ba24-5eeae68d1e89"
"486","5c329881-37da-4207-aa50-d690b574058f"
"487","23867d44-4921-4850-b96e-7d77263c0e24"
"488","8cb8e2c1-fcd1-4916-9592-cfae0032c6ca"
"489","7dbf8670-aea8-4bd5-a18a-0e600c22868d"
"490","641a493f-4eca-4c6c-8be1-e48118b9afaf"
"491","d8442383-9319-4836-a351-32601d53cbf2"
"492","496286f6-3b65-4f8c-b679-65f6229b1d1c"
"493","293ddaee-e2f6-4d87-817c-55e68d185017"
"494","be861fc4-b42b-433c-89b2-1e27698aaaa2"
"495","fba83924-0bbe-41a1-b1b0-6367effc7f54"
"496","2c8b99fd-10c0-44b9-97d0-5aec53ff6e45"
"497","a47aa579-0bdd-45a5-ab00-2204d416d0b0"
"498","52cea4a5-6fd4-469e-9302-c5eacc545232"
"499","f850aef9-61b1-414e-9cb2-2226fb3387bc"
"500","442780cc-ddb1-466d-a94c-94c5a46dae94"
"501","ed94ab78-2623-4dcd-8ae2-5db0bbcf98c2"
"502","b29a3a23-13fa-46cb-9443-df3785b801f8"
"503","c62d0c78-246a-42e2-ad94-960caa38f7b7"
"504","69a2f94b-3248-4382-a35d-970c8f954920"
"505","ebcc2450-f41a-49b0-a917-faedf21e8e90"
"506","f8a47b64-2958-4a37-bc15-729a83399353"
"507","b01eb0dd-599a-44b1-b471-e20c46d75b16"
"508","da977d26-86dc-4dc6-a697-d763f59a739c"
"509","78b4f845-3ea1-4bab-90c5-6f3353c60afe"
"510","4eeda6fe-4446-4a5b-93e5-2cb5b053660c"
"511","642feed1-fbfb-4a9f-be1a-e35855ddd47b"
"512","fda19fdc-7b39-4d3c-83fb-d73a7723ebf9"
"513","e36ce6ce-e699-4e3a-80c7-2a4685a1cdfa"
"514","c011dd80-5d56-49ed-9c5c-8cde4de7f2b8"
"515","9da5ad05-df45-4586-a5f9-e423624fc163"
"516","919ceb08-848d-424a-9645-da306782b0ee"
"517","6b117449-0805-44b3-b1b6-f2029bf45bd9"
"518","070f5915-b47b-4d1e-9e01-b84e77aff1b2"
"519","5bbd149a-13f0-439b-a393-ff9c4b4f45c6"
"520","eb6915e6-5c13-4f8c-a7c5-907d77636e7d"
"521","74299ea1-114c-49f9-9231-b7b6260057a6"
"522","bb65dad1-4f6c-4da3-9bf4-d2df0e0b9e62"
"523","646e4b5b-db70-453c-bcda-24f35e201391"
"524","829b4bab-3790-431a-a754-f5b19c8cc4de"
"525","2be1f50a-2dde-4791-ba07-482ca0ea36f5"
"526","5487e3df-4ed3-4b3f-9482-04c9465effcc"
"527","42adc773-a99a-4b8d-8358-77f780c13707"
"528","8a703156-d245-424c-93b4-b984459469a9"
"529","892c316f-a92a-434c-b3f7-44d4fe36a41c"
"530","06d6bd07-0927-4886-8a6b-d8e239ebd395"
"531","a71c2360-1d9a-444c-91d3-e9a266f7e260"
"532","1e3ecebc-a162-435c-8cc8-a73129a497d4"
"533","fbb0a98b-c750-4a0b-99e1-063cfe70ea99"
"534","59ad2ebb-91ab-484f-83d6-77f7e26a4b98"
"535","d95f54d6-812f-4e1e-8040-bc16b260ea21"
"536","c6ee9267-dcf3-49f3-8ffa-72fcb0298b97"
"537","945fe9da-c626-4ccf-b46b-9564266fec8c"
"538","1eaabebf-a2dd-44c2-b2a2-1869edbcdd5b"
"539","7679af74-7e87-4711-9342-a843651d1e34"
"540","7328d0fb-b617-4e72-a539-6ae541b647e6"
"541","a16d3341-0e9b-47e6-bc9f-7b82cb794be6"
"542","9e670e2f-390a-4edd-bbf4-0a5ee0efdeff"
"543","d4d93f1c-8603-4bab-be49-9251ac7e1ec7"
"544","d2fc092d-63c5-4037-ad2b-22a1c8626ab8"
"545","8b3eef54-e461-403e-a2f4-c8309e61a3ce"
"546","f99c39ef-b02a-4dfd-9fd1-6804b934faca"
"547","f84da335-4392-4cec-b2d8-c2cc08b0019c"
"548","5a972a6f-92dc-45fd-bde2-42989b90da98"
"549","f1f23cd5-dfc3-4107-8f2b-d84f336c0526"
"550","a052a58e-d24d-435d-b72a-4455d45d7213"
"551","8eac8399-8134-424a-ae43-fe2b170c4da7"
"552","a1ab16b8-f31f-4392-b24d-144fe49987eb"
"553","6733efb1-50d9-423e-8942-c9923fe0cb63"
"554","017d462c-76b9-4cbd-abc6-d6c9b386d57e"
"555","9ae7e1d9-7bf3-489e-b6ba-07dc231b3403"
"556","cd20e49c-ef38-4e68-9d43-dd696a7ec77b"
"557","eb0232d8-098a-4fc2-b311-f52c27039ed2"
"558","4c07d7e4-38c1-4de6-832a-7ff1e933e413"
"559","2eaa386b-e398-40bc-b7ec-44b94af9135a"
"560","22a87a7d-d61d-46b1-939f-5adb60ce7418"
"561","e69abb7e-6714-483c-bbbb-4ace5527ab13"
"562","861f92cb-aaea-4f70-9202-9000c1eb0f98"
"563","52037fe4-82f4-4c7d-ab44-4206ff2e8a4e"
"564","aae952f9-fd9d-4abc-be6f-fba906a60773"
"565","549346a8-79c4-4c76-8c9d-1be2b7099b15"
"566","915241a6-e6c3-4c52-ad08-7f2bdb7bb53b"
"567","f6860b4a-279d-4ed0-9637-7fb08b824158"
"568","65d341eb-0294-4939-99cf-ade7464364be"
"569","3c0ea812-409e-4108-bf84-3de4b4c64cf8"
"570","6633cbab-16d5-42fc-b354-dc1e14e6da94"
"571","dd2c0c45-8b8f-4914-8901-544e8f96364d"
"572","51b35979-8c41-40a1-a71e-fa1fee39d7f6"
"573","8b063e48-1a30-4a9f-a009-dc2e7e0eeac2"
"574","cb2b2d2e-2f51-4481-9209-6d314eea0ba9"
"575","dd0ed6ee-fb80-425b-a47e-2744736d8f6f"
"576","1f0cd860-6f6c-495a-bac2-fd448f9735b0"
"577","6c52be8a-626f-4cad-b24a-38942aaea421"
"578","0648a223-56e5-4c22-83db-00c08bdc5a9a"
"579","1fe32187-9540-4055-b21f-53bcb79b296f"
"580","205f9dca-401f-4c30-bc6e-304f71547ead"
"581","a4347ccb-60e7-4c57-8250-e9d3a623193f"
"582","e71ef827-e093-4c9a-bfeb-dd14cdd9e1a6"
"583","3cd6b275-2bb1-4c3e-865d-9bf5f3a68a76"
"584","302cf892-5a31-4c73-a264-2d357e941395"
"585","3ffa744c-6a4b-4cb0-b26d-8bbd7d34e71c"
"586","7b0728db-9213-48d9-b937-d9cf33287d75"
"587","a94d518e-e702-45a0-b39f-c34d0cdd2fdf"
"588","805efcc8-a777-4c23-b1ee-2fdadf13b11f"
"589","499f4942-abcd-45de-8915-f5a0b3daf500"
"590","2c84a379-5012-4e12-845a-aa76956c2d9d"
"591","350722a5-470d-45e8-b10b-aa870b4fb727"
"592","8192cb6f-6f54-4f6a-9739-681ef03629cd"
"593","7f01d1b3-ff0f-4233-aade-b9b22262becd"
"594","d96afb0c-9a6c-46d5-a0e8-0413ee39c4f7"
"595","ee8c0c95-1e11-40ec-90be-6c7f17b6038f"
"596","9a9541c3-b89e-438c-95d5-6207e96890bc"
"597","067fb636-017b-40ef-bc52-4274cb4e1aa4"
"598","ae11fb98-92e2-40f0-aca7-383e944a0812"
"599","fe453ffd-6fec-4187-9f7b-dca96c147c25"
"600","4fa73ebb-fca5-4b2f-9fa5-2b16020a6ef5"
"601","913e37e2-799f-4dbf-9cdb-02533af76857"
"602","4c976d03-4683-4cdf-9411-29df12ff123d"
"603","5f8bb9f3-d26f-403a-a206-7158fcb3c032"
"604","548cd0d2-31ee-440f-8f95-bdbd8d25c63d"
"605","e19653d8-fac3-47c1-91c3-3e4a92a55a7e"
"606","d93667c5-78f4-41b0-93cc-164e1bfe8147"
"607","f56ccb64-9ae6-497f-8715-1455869fa307"
"608","9a9d4497-e694-4845-a3f8-c1acfe9a1b5d"
"609","dba1cb63-fa7e-4df7-96f4-0806cd75b228"
"610","80489562-6508-4ff6-889e-d2cadf38c534"
"611","ec3bf82c-616a-47f2-bf9c-55de5ee72957"
"612","3309db29-421e-40be-9068-f23cba16f37f"
"613","7b92cb1a-3c84-4686-a998-1273178cd2f2"
"614","571d3c92-5cdc-4b25-97f0-57594794a44c"
"615","06c1f69b-c543-4374-bd74-84e1af559c6f"
"616","27f2e0ba-b211-4a2c-9f22-8c3fd877b130"
"617","165fb1a8-a178-4dbe-adb4-c1cd6c911eec"
"618","eaca58b4-8eda-4ca6-a571-1cade2c2cf99"
"619","68f303ec-6759-4205-8e5a-1bf224949d4e"
"620","a1e83933-dd64-4e48-b21f-aa7c7bdc8c22"
"621","f153eb77-6929-4b1b-89d7-cfbf33d3ab52"
"622","dd696642-04b3-4c69-9d35-d8041bdff166"
"623","1f0779d9-8e62-4b04-8b35-0f7be3e7a508"
"624","134014a4-dd69-49d4-a1ba-e6c388ef49aa"
"625","d481855a-0268-4d34-987e-1c6642013b80"
"626","0bed3c1c-a099-4251-a059-e869c4c4a951"
"627","0fb83cca-eb79-4945-bad2-cc6e3a2dba1e"
"628","a4dbe55f-eded-4d34-9fd1-1f9fb29dd6a9"
"629","30b2bb77-999b-49e9-84fc-6c3005413560"
"630","821fd3ea-198b-4268-a7f2-4dcb6a272ef0"
"631","aa70f76c-7bd1-4f15-91e3-b43b666a995f"
"632","4471ccda-1a06-4a03-a74f-3f9322b46d4f"
"633","86e66b65-08af-4354-975f-d6075910c89e"
"634","9b845b6c-f57f-408c-8601-b45a2d49a19f"
"635","d4b44972-8ac0-4ab4-bbb4-0ecd8754a255"
"636","227e4454-97f3-4cdf-a16c-5e753b5be60e"
"637","8e68dace-0ab0-4a8a-a290-a9af35ad6c8f"
"638","491c192f-c213-439a-8c4a-065888367940"
"639","ac1e3784-f0d7-4b0b-a2c5-d028ea87f5d1"
"640","b00eadf3-7abd-4430-922f-50b18cabe763"
"641","bfedd081-f70d-47f0-a1d6-a2c422b8ba49"
"642","2c0dc0af-4335-425a-85ec-e252ffd6ae76"
"643","f6a0ce05-af14-4867-923b-4bb99c514e19"
"644","e6f49a86-3296-4f6e-a831-6084b60f305b"
"645","1f560519-eda0-4389-b920-064994419e4c"
"646","c2eb67ff-ba8c-4c91-8526-c425b5b2b333"
"647","60eb0284-0c20-4325-937d-9c86334ba085"
"648","b3af903a-d4a5-4a57-af71-b1699a3e3812"
"649","5078d6ef-c1b5-4766-9ad3-e4f97f9ed8f6"
"650","2eca68df-05a1-44e7-ae33-973ecfdecf95"
"651","345e9a60-1e2c-4af0-9fe4-2056707ec46c"
"652","6997925a-8bb3-4973-9e95-f8e153a712e9"
"653","35a34095-38b8-4a76-afbd-4c93cae4a759"
"654","cc4f9a77-fbab-4973-b835-7dab58e2d8ce"
"655","dd489c12-05e9-418f-b843-2ef66db850a9"
"656","dd37e166-5bb5-421a-a484-b20d2aaed9d0"
"657","80f4267d-dda5-4b03-8e8c-c77f0909b375"
"658","5de1ee75-af84-484f-b2cc-88539d1e0efe"
"659","ade64bd0-0d6f-4ed3-b618-c8a604bb3f99"
"660","da3203f9-be35-4e92-ac00-06b05cc94113"
"661","3dcd864a-b062-4133-b906-0146694e1632"
"662","9a877d5b-3fdb-4d96-9887-c36ee6f8e660"
"663","d1fb7938-13b1-4344-a512-e745c1541eed"
"664","d350c20d-9fe7-48c6-b18c-905739e33cc1"
"665","46f1ebc0-adf2-4eab-aabb-051948cb99d5"
"666","92182985-4b13-46ec-89e4-7db3d471187f"
"667","80c44c74-7fc5-4f18-a89c-36c856418800"
"668","a23ccd74-9783-467b-9480-8e3e4d447acd"
"669","b5742b55-4aa0-4a87-942d-0cee64ff5a47"
"670","97e141c7-4d06-4d23-b9eb-82ddb5eac2d5"
"671","4e584a76-bb12-408e-b742-39e06c4b8d05"
"672","d372132d-4b9d-426e-8ea3-6f5e9e305196"
"673","ee609556-32f6-45db-9d1b-17917b5708ed"
"674","3c09aa83-3f0e-442d-bcad-598e5ecc4cbc"
"675","146dfd28-9489-49ae-b380-351949a53ded"
"676","81ff67f5-2b43-48db-ae24-b0e6460f0338"
"677","ff651c26-798d-4a52-bf5a-c49edcf56559"
"678","9b215b08-b806-4cd1-b4fd-c8284ca6b441"
"679","f2bebfc9-c843-4b90-9ca5-23b9bbf37412"
"680","3c4aa716-1b15-408e-88fc-86987f8cf779"
"681","03ccde8c-28d5-4a75-aa47-058359787146"
"682","5a7dc3d5-a653-4ca5-a8bf-85efb47b8dfc"
"683","cb734a70-d2b4-426c-aee7-0c5b89bba110"
"684","d3963864-0058-48c6-9632-71422053afe6"
"685","4a289df1-71a2-412a-94e9-27938056cb94"
"686","99cade9f-44a3-40e6-9826-a38a869973e2"
"687","e5c1cfe1-1a4f-4673-b37f-6b2ec8a32581"
"688","12cb9438-7735-4c9c-8602-e734f9eddb47"
"689","61317219-f4c7-4048-8f97-682f45b12885"
"690","b399f16b-62cd-4e20-ac0e-4090b27b8e77"
"691","a94ce549-3ac5-48b7-b7fb-52d1fc5c26d6"
"692","dd7c0d0f-5eea-4542-a372-9ca6c3c30f92"
"693","1249883d-b602-4d52-8232-5f31e5e8c97e"
"694","aa997a70-8a19-411c-a710-c637604e86f7"
"695","4feaf75b-d1cf-498f-aeaf-7c314820478b"
"696","8afe7035-7dba-434b-895e-ad0514e651d7"
"697","fa6ac7fb-1cdd-4490-885d-c84a81abf0b9"
"698","111ce9bf-0cf1-442d-bfd3-daacc1061d40"
"699","8ba4da84-35c8-4b1d-8753-4b738c1a78ab"
"700","2af41052-7f43-419a-8d01-69a2a935d129"
"701","cb4e803b-b3d1-4d3c-872f-32bbfa0fbe95"
"702","630dfc01-6f32-4057-8180-ccff014b943c"
"703","157a92db-c64c-466c-9907-75d7083f4a01"
"704","04cfe174-2b93-4d0c-8e80-0b59633fb50c"
"705","0371d0ad-f72d-4bbf-8015-60868f64394f"
"706","24b02ec4-3a66-4e35-991a-5a50ffa65a2f"
"707","624eef04-e535-4272-82c5-58aea57323b7"
"708","8bbff10e-756d-480c-99ff-389a1e86d578"
"709","d93c7f1b-f263-4f09-92b1-f97f2b3f95f4"
"710","f44f226a-91a3-429d-86cf-815d8984308c"
"711","2a8d4c19-8c0a-4662-b91b-2d92b2fe88c4"
"712","4860b0ac-2f4f-41ef-859f-62aad7ca47f1"
"713","a6fb389d-39f4-40cc-bf2e-e60f31f38d9d"
"714","89970497-4ca7-4196-92ba-2f2e2c7808ff"
"715","2a23f130-10fc-4e1b-af14-598dd888f459"
"716","5f14b6c7-3813-4935-8562-51818657758d"
"717","2ef51937-88c8-46ed-9aab-41f96a8e59a7"
"718","89f66695-bec4-473a-ae1b-765739ce024a"
"719","3c37c664-85fa-4867-9e62-06808afa23e0"
"720","b0c8e2f7-d1b3-40f8-8501-6e2214f74407"
"721","ccc2802b-303b-46f2-8d61-fc846b0d715a"
"722","3ffc98fd-aa2c-4446-b33a-6ce788e00720"
"723","bd7b099c-9e15-4f0f-8354-fcf622a316bb"
"724","77d126e6-48ff-4f52-ab39-467a02ccc536"
"725","d8f93304-685d-4692-bb45-d9f3626cc721"
"726","608e4fbe-9037-476a-9201-21893c74551b"
"727","a8a6604b-7054-4f51-9d64-d3ad338a165c"
"728","6b93443d-903e-4fd8-9805-6f573ba55b3a"
"729","cbe20c9e-c977-4062-8a53-3aa3b47c4469"
"730","3df66c10-a8b9-41a4-a595-25161d2bb416"
"731","094ae29a-7ee6-4731-8b70-f9baaf4c68af"
"732","72f7a20d-938b-43e0-aea4-4aa743388e21"
"733","9dcf2a22-9bc7-4e32-b833-175d4b747244"
"734","9e051559-923e-4121-9d94-4889e7a6c41b"
"735","d71a3e64-c5c2-4685-9049-400a4a83f191"
"736","89895611-2087-4998-9213-c6b4cf03bee3"
"737","8e76ad29-9ed4-4de8-b356-14a2d22f09a0"
"738","b2f81aec-ae72-43f0-921e-7a806b946cad"
"739","818384e3-fedf-4565-b4eb-dda13b5113a1"
"740","6095e433-a47b-44e1-943e-6f4947a3202d"
"741","a715949c-126e-4f41-b525-18d51cfc89ca"
"742","fc11d0ae-434c-4b3d-880f-8e3815b6c495"
"743","a867d9c4-22bd-4964-9046-7134fed3b6ef"
"744","6a77f14c-3e2d-44c2-99dd-c3f849e6bd9a"
"745","41d22485-17e6-492a-a90a-3a2f3ab993dd"
"746","af00a7f7-3547-4400-ba32-cf3648ee5a66"
"747","e7a98f7c-cbd3-457d-a027-7f58e26571d9"
"748","6f227c37-e82c-4db5-8989-7ed1ca216a63"
"749","626cb4b7-c7dc-4187-915e-d56c63a5e485"
"750","1957241a-ba3c-40e0-8a5c-61af8bfcba69"
"751","4d49598d-ec59-4eae-b483-c319c8b3cef7"
"752","c5c6bd0c-a528-4156-a347-454145a12793"
"753","15a3eb1f-bf7c-4671-9c89-ffa1ea5670bf"
"754","2ea00477-d277-4137-b9e5-af1de156582c"
"755","34090a66-ae11-424c-815f-f73af78347a5"
"756","cca86dec-8e0f-458d-a2da-c6e2f0b22524"
"757","50ccc991-4b60-4f36-95ce-280c577a0672"
"758","685c910f-d16c-4b38-9fde-4a2fb2a76e2a"
"759","eec4b1da-cf53-47f7-8da0-5f834e4d0724"
"760","00770d5e-33ed-4603-bfeb-3aa5c34ad8c2"
"761","68a91509-2754-4f8f-b7fd-3336ee49f05e"
"762","232fe4fc-7973-4b84-898f-4cb73ab1de1c"
"763","200810b7-eec4-469b-a631-ea03d58cde40"
"764","ace1f954-0744-4167-8a50-cdf284473ad8"
"765","d4dda1de-799a-4927-b4a9-7bdb6e9f917c"
"766","dc61779a-78e4-43b9-b1e9-07930bbcb41e"
"767","f35ef794-7a51-44f8-ae3d-0bba5203ad33"
"768","3416ceee-e0f1-461f-8742-9789435db407"
"769","56771c6f-8ab9-49a4-be16-95f45494299c"
"770","029376eb-ebe2-41fb-910f-eb443ac117f2"
"771","66b9f119-048c-4a08-82e1-cfd9e3e42f46"
"772","b22fff9e-9a7b-4be6-a80f-786454d9c5f6"
"773","732cbe6e-1553-488b-b52f-f912ae8a9333"
"774","f61557b2-3e4d-41a1-be8b-1fca54edf9e7"
"775","d8ee423b-44e6-411d-b9b4-f63410165472"
"776","4f4e70da-70cf-4802-a388-dbc9b1074a1c"
"777","2f15a55e-876f-4bb3-a3db-bb03d46d094e"
"778","67962bb1-13da-455f-a4f9-6773b5daafcc"
"779","fca3e71a-35cf-41e9-bb26-8e14a3f548b2"
"780","19fcb8ce-7c2b-4e95-a14f-f579628b93ad"
"781","c993480d-4145-4286-aac5-b87d6fe5a511"
"782","2fc6eac3-d317-4848-b9bb-f191b757a7f9"
"783","f3d8afc5-0d85-47cb-a769-76aeb13041a6"
"784","c724d084-dbd3-4a92-856e-c475f1d1b3ac"
"785","f8d34e31-ab95-4cf6-abc5-abde4b379320"
"786","f9bb0c7d-601c-4dec-9412-417e9664efe1"
"787","16293011-3c0a-40d0-afa3-a6e9e10a31df"
"788","66ab7adb-5e91-4db5-97d9-5811028af90c"
"789","f4f310fc-b569-45ee-9d66-6fae5e81f7ac"
"790","7587d374-d4f3-4bcd-8797-f3dc22eae522"
"791","efe5a558-6c46-4121-8409-e0d94c7cb4d2"
"792","51222529-b6a8-4c2e-a30b-1af5b7b161cc"
"793","b738aff9-4c3f-4930-be66-4359f0ace211"
"794","ebef9cfd-c725-449b-b905-2c45a461a940"
"795","3bc36528-ff67-4e83-bf0f-a6f66070355f"
"796","de2f3046-c039-4502-8bd1-5bb4a1c671b2"
"797","0f0d2b8e-47d9-40ae-9a9e-3eea4fc8faea"
"798","ec160e25-883a-4f0f-b6b1-d9bf9be27890"
"799","d04d45d4-d114-4692-83b6-969cc79574f4"
"800","c6190561-93ef-492e-a95e-af3beb54a9e9"
"801","c3d3296e-f8f4-4085-a7ee-70c44f74c7b2"
"802","9553750c-04a2-4cfb-a412-405e1384a789"
"803","bc5ce6e1-9602-4e41-a184-ddf9370fe7a5"
"804","b9ace664-e245-49f5-8db3-36f0511f5185"
"805","247e3fe8-5eeb-4a87-9935-c95c4d7391b4"
"806","a04e0195-99b2-4a4e-a4ab-c51d12878b0a"
"807","2e176e70-9329-4e73-9a32-f6176c599004"
"808","9f338381-bfb3-4c74-ae92-62a431cd641d"
"809","850f268a-e8ee-4af6-bb30-fd8f219294eb"
"810","12698749-6d8d-4829-9c39-436b45d5349b"
"811","b35a76d9-fbcf-407b-a49b-43788a5af954"
"812","a88ca851-4f84-4acc-9a6f-15582e2b0f2e"
"813","e7d75e22-98ba-4a09-a4f9-0d11f7abb3af"
"814","1cbef282-0495-411f-a682-4100a0de6a7a"
"815","7fd41c17-6e15-4412-af9d-765922f8a0e2"
"816","306b59c5-a6b9-4144-b4c8-3f6f5b46a0dd"
"817","d697533a-7707-4541-b4eb-cc768cf0de2b"
"818","a8c83ceb-021b-47bb-8e4d-d9d9126dd919"
"819","b1399824-39f8-46f4-8f6a-3944118c70d4"
"820","39662626-fb5a-41e7-8a6b-b8e57caa2c4e"
"821","9004d742-6fe0-4521-a391-0fbccc4568b6"
"822","dd079f69-4692-42d1-860a-0c6a197360ec"
"823","3cd5b8a0-156a-4fe8-9ede-90116fd329c0"
"824","f1a5320d-81f8-4228-8e3d-853fcd323734"
"825","d280b4a4-ef9a-4fe1-831b-cc4716dc4767"
"826","0e283462-d62d-4227-b3d7-11d3168bb0ba"
"827","cd634978-dd15-4ad2-9a25-a3992905aac7"
"828","2739893b-ee06-4284-83af-f9fbe7c97c2a"
"829","51755b5c-a725-458f-a75f-a68d42943d4c"
"830","04dc9aa7-85ce-43a9-a0f7-1de2408165cc"
"831","0602a54e-d1a5-4b0c-bbf8-a51cd68ac64f"
"832","96649d71-e842-4e3c-9998-bad7d1c8aa89"
"833","c300bdcf-b07f-480a-addb-edc477a536b7"
"834","c0d039da-eaa6-4943-81f6-30807c107740"
"835","2b24302b-e764-4335-ac61-843657bea1f5"
"836","2886fabb-05f4-4cbd-a409-1e010dae986e"
"837","a0e64a4d-cd99-4687-bd35-c49588451e6f"
"838","c7dbc900-553d-4e3b-b854-7f81138fca96"
"839","26564916-7d1f-4df7-838f-69b78ba2a38b"
"840","ce455cbd-1132-4577-a888-5bad32af5a10"
"841","dd7f4d36-c3db-4cdb-917a-407c6c4824dc"
"842","718bd274-723d-475f-ba85-6879aedcaecd"
"843","a875c959-c57b-4b85-b1c9-2a0fb852c365"
"844","96bb301d-2bad-41dc-b61f-5539714d23b5"
"845","aeb10c58-c1db-4edb-8df8-889cbca0ba90"
"846","1513eb8e-0306-4cae-b8a0-429747f7ba86"
"847","60f5db22-252e-4995-8e58-5924404a7a66"
"848","ea1b5d56-f4d6-4a64-be4e-912e0c911388"
"849","30c06a4d-20fb-4545-9d43-45df2d695f97"
"850","b908274a-4101-4f3e-943c-6a02b7219351"
"851","b69f774d-c264-4efb-b1e5-97526740cb50"
"852","d84711fb-40f5-4a66-ac2f-8f4cc76dbb77"
"853","d0b8d185-46f4-4cad-94c9-40f3e57db9b6"
"854","ae281ead-dd29-46b6-9e6d-825076c7ec4c"
"855","7dad23a4-827b-4a92-bd65-bb2e8ac05091"
"856","2276fc91-889c-45f3-ae2f-cac70f8b6922"
"857","a62d56fe-d953-453a-b55f-7733a255069c"
"858","679f7d7f-ee8b-47ee-a246-80e78a651fdf"
"859","1b631a6d-d3cb-4d0c-9902-b6cb4439c12d"
"860","304e53e9-d15f-4f66-b6f4-c6858fe191be"
"861","29754103-6373-40d9-b5ba-acce008fd398"
"862","a6d012b1-6219-41f9-b77e-0edacfca28d3"
"863","4f455605-c06d-44b6-9149-d76105f3ca69"
"864","7d0c64e7-ceea-4a03-b3c7-b8e4c4541293"
"865","312d6dfa-48d7-45e8-9e75-e3d8a1b70096"
"866","11ebfe43-a08d-4917-96e6-3b5b8d038900"
"867","b324d1bf-15da-44c4-b66a-f52b3fb0d5dd"
"868","e4a6885b-db4e-4f58-ac9f-7101eff1eedd"
"869","51e1cd4f-5377-4461-9bf9-70ce2a0e65c1"
"870","295b77b3-f228-46ba-85d3-1c01138a3dd7"
"871","97332e21-55dc-4277-ba38-643c5283a3fb"
"872","2e1072ac-c2cb-451f-9654-e6688ae66cac"
"873","2d0bad9f-72b6-4e64-9594-79083d5fd256"
"874","1f61b007-e891-4d09-824d-b43d944c17a7"
"875","c6244429-f271-41da-8bc6-48f9e803ea73"
"876","8f726de3-32f1-4e41-b2f6-ab8f1f8332bb"
"877","54550556-a63c-4cd6-a56e-3654dc7347b5"
"878","d0ababd5-1597-42f1-b1c3-5ee9c44fd167"
"879","f1f7a775-dad4-40d4-9bf5-71a9068e3e5d"
"880","daa1969f-4303-487d-8cee-096517673fe9"
"881","742ba398-ee00-406b-9847-db51741d4ae2"
"882","3f72c71a-40e7-4c23-b80d-b1adc2c195a7"
"883","58c02f11-d58a-4605-906f-1abe2972c800"
"884","be4cb858-35bb-412f-9af2-79ea6fa5b93c"
"885","c27786f3-eaec-41a7-afb4-ccd9cedecf04"
"886","e70279b8-5b63-4ae6-bf2e-c8032e5585a2"
"887","745dadec-2cc2-44cd-8cdc-6c2861943b61"
"888","451002d2-5673-4b13-993a-374c2c4709c9"
"889","0ea7691d-d348-4f8c-9b6d-cf3fbd134d6c"
"890","9285d0d7-c755-417d-8569-b38e4bf20e77"
"891","5e434ea5-4288-4fb5-9d27-a8435d50b166"
"892","9a6a9f17-ffc9-4df8-99b1-d1c321027907"
"893","59e627e9-248f-4d4a-b7cd-cf57356cc333"
"894","2aab73db-cef4-4ef5-adeb-7b4013d45460"
"895","41ce33b2-3797-437d-ab65-e0e77781e342"
"896","e12e8270-3635-4ba4-bc44-aeea06bc9022"
"897","d1e2ba01-83a4-4c43-8cb9-257676cbeee0"
"898","0b22634d-31c2-4839-91f1-bfe8dc99bbdb"
"899","d90b042d-cf2c-4ade-b455-402a0a805823"
"900","0128f6ba-96fa-4f5f-b6c6-809f62a595d2"
"901","35a5b687-31b4-47ea-a6c8-f7149a1ba763"
"902","7471258a-7c1d-4444-a713-5430c67963a4"
"903","94f41013-92f3-4483-9a65-bb467be2b628"
"904","0b5b1089-f156-4982-a19c-98b1c7bc16b0"
"905","b2c2b735-3988-43a6-96ef-1c9fd66e6a77"
"906","1cbdfc37-452c-4708-b125-cf7e0e83657f"
"907","1b33ceab-bd70-4538-9646-5bf957966131"
"908","30d1454c-971b-441d-bbd6-207db8487702"
"909","f0c6d7cf-1b7c-45f4-9333-f11523879c93"
"910","58a68e53-cfb0-4103-a383-cb6db875e05f"
"911","5ad2ca00-e9ff-4ab9-a447-4ff192487e15"
"912","52b61166-a5ff-47f5-9e1f-89a43007689e"
"913","1ca262a3-6ae6-401d-8645-d3bf8702fa70"
"914","bfd4c224-c184-401a-841f-2fa94d84b6da"
"915","0c6b8afd-0e7d-4472-a380-42cb6e8599cd"
"916","58397416-fbdb-45d2-a72d-2007582cc9be"
"917","f5ed5f64-fcfa-4957-8f54-137c9978cc39"
"918","db25ad07-da09-47c8-8090-1da70eb7b3f1"
"919","98c5e22e-635f-453d-9557-192180dc2c20"
"920","4947068f-b37e-4225-800f-65c78434820e"
"921","19578a00-ae23-49d3-abaf-de656de7d80a"
"922","8dfca984-a4b1-4353-8d01-02c7632278a5"
"923","d81c814b-6abf-48f6-a3e4-b7f86200bb60"
"924","0caa6f7d-a0a4-462b-bff4-5d6e53eaf51d"
"925","15814c8c-5d1a-4334-8685-119eb9b4f451"
"926","06dec0ab-a7dc-4bc2-9f48-3ea29104c3f5"
"927","263be4a7-43b2-4130-b547-9caeee241a63"
"928","672fd64e-d881-4985-bf88-b01071848ad8"
"929","38c26f30-1377-4291-adcb-75bc7c652afb"
"930","7ce474c9-4c0d-47d1-b4ee-1f05fc08017a"
"931","ea5269e4-7797-444a-886a-1aa33d50c422"
"932","94d1d779-b540-4325-ac6b-3eba4900b216"
"933","415aaa65-3d4f-491e-84c6-419e3679581c"
"934","e6ce4ff3-c568-41e4-a648-f7fca2ca8043"
"935","225d5cb8-50cb-4e8b-9b87-781c0f41af80"
"936","66a13c5c-1db3-4ece-a550-0853895b6a9d"
"937","22a70aed-9fd5-439c-ba01-b5f210c587d4"
"938","8239650e-e105-40d5-ac62-deec9c287f0e"
"939","7617cc90-44e4-462d-9193-ac9bb3110842"
"940","29a7a748-152a-4917-86d6-de0073313b87"
"941","0ac1799b-8ca4-4670-9cf7-52d99b9ca693"
"942","18b88f15-6c47-41bd-bff5-87b582573103"
"943","5b5ce9d1-1446-40c8-88fe-395eda8f6a7d"
"944","5d09261b-d4cd-4604-85db-179fcd28f6ff"
"945","82270a80-2532-4f73-8cb2-c801c97b1c5a"
"946","31175e57-4a11-4caa-ad29-01a34537c81c"
"947","4c2b7f60-81ff-4716-9092-5d4b3e26ad1c"
"948","a4493015-c8a0-418a-bd73-6babada2c13b"
"949","02937165-54cd-4e5f-a42e-2aacf9ac5df9"
"950","e435e5a2-176c-4d0f-a246-38993ce6339b"
"951","604417a8-efa1-48d1-9d8c-b70c01a4a3e7"
"952","779f849e-338a-49ac-b95a-77535ca55690"
"953","714628c7-80fe-4c76-ad52-80e0437ea1a3"
"954","e018816b-0c90-40f5-945f-612d06c2e195"
"955","ff6e7285-01a5-4686-8247-6c63168543e1"
"956","973f5a9d-3388-40ae-af68-92227b7cdfc7"
"957","41bc7762-f2e4-40af-b479-bac98b9dc294"
"958","659a3277-b788-45ca-b8cc-3963b757acee"
"959","f9b235e1-0e90-4d53-92d4-669177487361"
"960","48a0f0ed-ec28-44f1-a2c9-2d5da0605cd1"
"961","fb81a134-dfcf-40d3-b873-dc9a91f88193"
"962","4eebe823-17de-40d6-87ab-49c55b702086"
"963","75195730-bcb9-4f9a-a05d-7d1c7730daa2"
"964","ca609983-394a-4aa4-a84c-49a934506469"
"965","6bdfaea7-92fd-4e35-aff1-10f83001176a"
"966","faf32491-9bdf-4620-9c9b-a27e5ecbe8c0"
"967","9acb0219-889e-464e-96e5-9ea6a6f9533d"
"968","ee79f244-9f9f-4d6b-aae8-f5c5f7480df7"
"969","503c72c1-f7b0-4bfc-935a-ad8280f61ee6"
"970","bcd698cb-c00d-438e-b11e-8b30b96eec99"
"971","b396fafa-c537-4736-bec8-9e9e5b94e9be"
"972","a38d2182-35a4-46a5-ae42-e7a9cdd939cf"
"973","6b0f71aa-35c3-416b-8cd9-463d78cc568d"
"974","1f380fb5-fc39-4a44-a583-70a93d5d88ea"
"975","4e4266d9-7750-44b9-851b-43ba4fd20a18"
"976","f70d7bbe-bb60-4213-8164-3aa29901178a"
"977","06c00fc3-d7cb-49bd-b11d-472774717b44"
"978","33088738-8ce7-47df-94a5-45e33f7892c0"
"979","381c1c90-cdb0-46c8-9517-b18292fe2241"
"980","e1ada85d-6afa-4b3a-bb46-04982c1aadb3"
"981","ef91516c-0750-483d-acca-9393f53e0589"
"982","6dfed5c8-8d86-4cb5-88cb-b6f94b2e0813"
"983","be751f4a-f48e-4180-be79-884c0d486deb"
"984","b2aa1bf4-3fa7-40af-a80f-8cc57f77425e"
"985","04fe4e57-c035-4ff1-bbae-060d05fed44c"
"986","471a347b-821a-4e87-b1a8-c4d5eabfaba8"
"987","d442fc6d-bd7b-49ba-9fd8-daab4bb16005"
"988","9dc68228-255e-4e7e-a994-e33ae7cd46b9"
"989","783cf6dc-07ef-41e3-8b8d-294b1d715c18"
"990","78c0de9d-afb1-4af5-ba1f-aac3a67ebe62"
"991","862e9eab-773c-4d6a-90c0-3eaff02c9ee3"
"992","3ec7290c-8231-4c80-8732-3129e08063ce"
"993","a114d3cd-a759-4b7e-a28f-1f45b0bdef1f"
"994","665433e8-ca7a-4820-9936-cde3b9f578b6"
"995","bc7b3ad5-b56f-44d3-ba56-9d03938dd7b4"
"996","139f783d-05fd-41e1-92ab-f4c9f11f54c1"
"997","a13b9837-ab88-47a5-8735-9e40f0ce6558"
"998","3df115ba-9f78-4e65-aed3-670c13c8018d"
"999","efd59366-43f2-44cb-b859-c85bcef47ba9"
"1000","43296453-8bf8-4bca-b150-0df937b5f2ef"
"1001","89f73ef2-2eaf-4c94-b727-3fcce3c39e40"
"1002","0fc8bdaa-aaba-4437-be35-700674eb1b80"
"1003","a668b115-f982-423f-90de-3e2354659330"
"1004","b91f6877-26de-4c50-ba79-7a05a51ac72a"
"1005","66a37cf0-adf3-479b-8b50-81fcb5a0c23a"
"1006","92a6e51f-92a0-4773-83ed-1eea1e706bd8"
"1007","0dc83f18-de19-4a34-8035-2ee0c4b00f03"
"1008","a6785638-a6f1-4ab4-8ce0-303b2e608487"
"1009","24677891-7274-471a-971c-bc12bdde4c98"
"1010","b4eed214-eca1-48b6-9c71-f6949cf23a7e"
"1011","e685c821-dd06-4f05-a47e-2847443d80f4"
"1012","554572d9-dc0d-4109-a61e-89509bb8c9fa"
"1013","df2c2768-710c-439a-bd43-ba234cabf6da"
"1014","071dc7ad-930c-4678-9179-e7885a00dc86"
"1015","678cd22c-9f75-41ee-b605-9833570ad581"
"1016","7b49359c-2987-4b08-b4ff-54babffb80fe"
"1017","0e1e9485-9946-458d-98f3-518c98dfef77"
"1018","4807e807-a5fc-4381-a040-b80e953f43c1"
"1019","67ce5011-5b4b-4181-9b94-33d510ba5e2c"
"1020","919cec28-ba98-4417-8a6f-d81a40c7baa7"
"1021","0419255e-154f-46e4-9188-647a4c4281bd"
"1022","00f553bc-6642-46a7-8513-c2a4e6eec540"
"1023","fbf04870-8eaf-41e0-a8fe-7008d6a0fc5e"
"1024","d57858c1-c041-4413-9b91-8231f58b8d98"
"1025","0d9519a8-19f9-4028-b08f-6e54b8a22e33"
"1026","df737b96-ec2c-4dbb-b9fe-e0bbb9848444"
"1027","fa29c2eb-cc79-4c29-ac7d-8b7c70fe4c48"
"1028","1049f620-dd82-4ff4-8f22-f94d69d0146b"
"1029","44433ed2-b41d-41e5-8e74-7f6ffed62cc3"
"1030","2ba3b597-5e6b-41df-b837-5a2dcfedd403"
"1031","78bed1d5-9e83-462b-9806-44b69b79eb28"
"1032","c167480e-10ce-4817-9f13-ba93656fca57"
"1033","d932842f-dee1-43aa-b422-d95379cffad8"
"1034","80417171-2dab-4ab3-97af-b8ce2ecf2e58"
"1035","84145fd3-7d27-44f2-b970-05acc889ca13"
"1036","1a11f1a9-2148-4714-8f4d-4e6699e13ade"
"1037","360c0557-2321-4a74-87b7-b91f6b635616"
"1038","4dd579e1-9fd4-4fb1-b251-dd7db47819df"
"1039","b26c7ea7-2e63-4ccd-a9bf-e1018aa20956"
"1040","e3fc0aa5-4ffd-4191-839c-23fcedcd53bc"
"1041","95980cf4-3d73-4e61-802b-5d3cd26ddd1b"
"1042","b6b03948-0e1a-4db7-870c-4ceb9b651f64"
"1043","55adb903-8061-4c7c-a6ff-a0e00bda744b"
"1044","08abbf1c-b510-445a-8a1d-7166f73b202f"
"1045","79a9860b-6342-43d8-bc5b-dbead1f642f5"
"1046","ed5d3b77-8585-4ed2-b373-b75b2aa3089b"
"1047","cb7505a9-322a-492e-92b6-654b8ca3fc54"
"1048","69792d4f-343c-401d-82ba-78eb226ff2f2"
"1049","11094056-9509-4358-a3bb-34abcd30a462"
"1050","480ebd91-e24b-45f4-aa5f-dd10b970fdf5"
"1051","2e206b6f-107a-42e1-9af4-7de872ac56f4"
"1052","c404de79-db43-4c0e-9765-c4ebd2f1b8ee"
"1053","463848a1-9fb7-4449-b6e8-1d610af0ea63"
"1054","70160e03-a333-4f41-aea7-439bdf749542"
"1055","87868165-927a-4bb4-b3f2-f0ffacbf8cbc"
"1056","04c55e53-809a-4f05-8ef0-812cb5528de2"
"1057","1e3ae67c-974e-47e7-9482-aba57418d419"
"1058","e893d629-6043-43bd-8a9f-913e677acbac"
"1059","7f562471-92d1-4576-b054-9e023d5116c8"
"1060","d49e3b80-bbe5-4464-bdc1-7c1752aec17b"
"1061","8bc3bd29-4e67-474e-a133-224cc4177d95"
"1062","d3d8cca3-add6-464c-b82e-442b5d1aed45"
"1063","1bb3ae05-d837-489d-89ce-170547db65a2"
"1064","234bce8e-3f2d-4792-9faf-9689106b851e"
"1065","31da82a6-eed5-455f-bd9c-0843196c1e69"
"1066","9fc8ffc7-a206-4f72-9374-701273612ccc"
"1067","094e3dc1-24c6-4b95-8e79-878d8009bb53"
"1068","2f81bfd1-856d-475e-b056-73261a46aa50"
"1069","8f0c9ddc-b66a-4d8e-b58e-553c4f41ce38"
"1070","cc1fd163-8324-4495-aae3-4e4a77b23678"
"1071","512968ad-beb8-4903-a87f-6a60b88048d8"
"1072","7f4067a1-a4e4-434b-b18a-f6627ed9c0a4"
"1073","b9de1275-a4e3-4c44-adfa-32d4fa5a6b0f"
"1074","18edf293-6c72-45c3-b357-149e6ec56687"
"1075","1c845e61-60a1-4222-a4ab-357acaeefb87"
"1076","8ba94830-40f7-47a1-8d09-94a38ce5512d"
"1077","688e935b-b05d-44f5-a91d-1fe29792bcc1"
"1078","da883a38-9fd0-4c26-9eb1-54fd48f392cc"
"1079","feb4ae7d-05e5-45f8-9043-8915a76871b2"
"1080","779d48ec-17fe-4b7f-970d-0e04a51353b5"
"1081","69ad6b2e-598a-481b-b4d9-6bcbc244cbaf"
"1082","0a50d779-53a4-4de4-8935-f0bd487117cb"
"1083","135f59a4-ff3c-4c9a-b25c-0991ff8ed9df"
"1084","ecae6fd6-a92c-4af0-a084-8287748757e7"
"1085","5583a832-9ce1-446a-aa1a-abed49fec420"
"1086","5fb20951-f0e8-4015-a925-2c79e4ffc5e3"
"1087","cdd8115a-a2bd-45a6-a8a9-bc8151bc0484"
"1088","1432ad48-d892-4c78-b6d2-c29a4da09512"
"1089","e3d4cc6a-b0cf-4a42-97b4-452269263abe"
"1090","e246bf0b-29fb-43e0-8c5e-82583efb853a"
"1091","914c2d18-c716-448e-bcdc-f96444c8e7e8"
"1092","45558fe4-ad8b-43d1-a671-7223096babf1"
"1093","7eb1fed8-e1e8-4b31-8e66-f29e0a3d8d3c"
"1094","e6e6289c-4234-44a9-a32e-5977c1c27db7"
"1095","6a5c84c0-9bc4-466c-944d-c4b16cf1919c"
"1096","0010f149-70d1-4e26-81f0-8b4af3f1b6c6"
"1097","24105a28-90c2-4289-969d-01105ba7b84c"
"1098","53362148-d03e-4d10-b450-0bade73c02b2"
"1099","e44d9646-481b-4552-9115-e61dcad49cca"
"1100","4b22319f-8c9e-4d28-b986-e6ee9cfe6a74"
"1101","eb73959c-7f48-440a-90e1-c818d4cfbc26"
"1102","a9ce4e8a-e5fb-405f-96c6-296e37220b58"
"1103","e59a8f02-ab73-4a9e-8075-732e93f67951"
"1104","30a8b132-18df-4cf4-a46c-8c2d1276af87"
"1105","fb63a31b-4b56-448f-b2ad-e6f969b45952"
"1106","e28fbbd7-9411-4518-ac88-3761930c0ffd"
"1107","c222aa98-3e96-4f6c-98f6-9c65fd4f4c05"
"1108","84e7278f-4b9f-4cf6-bd1d-9c15f74288ce"
"1109","044daead-dc36-484b-99f8-4919ebbca346"
"1110","79792f70-4f96-4ce0-9fc1-2a2bc80d94c0"
"1111","83e8c592-9e2b-4fe4-b7f4-ffca1ffe28a5"
"1112","7f3e5ca2-7cdc-4de8-be95-e15f26245a84"
"1113","3a80cda7-3409-4dd4-9b2c-9a34c786555d"
"1114","18e47e05-4776-442b-9e3f-ceb403770518"
"1115","24de027f-b41d-4b04-bf6e-d88c5af6fd7a"
"1116","b2be0bd3-72b6-4f42-a37b-7a56e0bc87ee"
"1117","97d90c7c-5759-4b51-a6de-563e68d5c38a"
"1118","7323b628-35bf-4b29-903c-3312190d66d2"
"1119","104c5438-8020-49a3-ba93-d95cab45533b"
"1120","9c315bc6-b7fa-4204-b60c-932429ebe157"
"1121","97a56651-f36f-4af4-98d9-1f6e2eb769b0"
"1122","2d9163ba-c0b0-4199-87f8-d4e6e7733ad6"
"1123","91264f6a-588a-4da5-b09f-fcd67bf8f833"
"1124","e5f8d1e7-2cdd-4cfd-8eeb-515e73a3a71c"
"1125","8d1ae0a5-c1c7-457e-bdf8-82a3c67e6483"
"1126","27b931ea-dca4-4abe-84e6-2c45f0a6e936"
"1127","3a84e20d-a530-4310-89bb-7e98cecc8dc6"
"1128","1c42a1c1-5ecc-437c-a6b9-ad774cef61ab"
"1129","f78a2f28-beec-4887-a23b-9e3cf0235e9a"
"1130","f9e3a610-0ea5-4eb3-b426-02180a32d61c"
"1131","16b98045-314c-40cb-873e-4dbe7a4f881e"
"1132","c62cb2a3-1974-4abf-8e45-464a844216a9"
"1133","10b1c891-cb71-45ec-a446-7a8dff047c41"
"1134","76760bb7-f44e-4653-903f-88f6c6dfe74e"
"1135","912539aa-43bc-41be-82e2-ec13bfecd015"
"1136","44055ebe-0014-43fc-bae3-fda2c7d0fc08"
"1137","5d7d0b0c-0d09-43f9-bcb9-017931ad4ec1"
"1138","33b7e5f2-ffc1-4784-98f4-f2ff00c00ae6"
"1139","7f9d70b5-1ddc-41c4-a6b6-364cb6dc2c4b"
"1140","0f9e8716-3289-467e-87a8-9cdcf942b310"
"1141","1878500c-a8fc-40c0-a0a3-3412d19fb130"
"1142","afc0241e-07a3-45fd-be86-0ad9c796a1e4"
"1143","ee0ac8e5-e8a6-4b8b-ba7d-d3520c60999e"
"1144","9df4327b-2bb4-4380-8d5a-717bc3099936"
"1145","5de465ec-5175-4d2d-b0c7-06d86adbe6ae"
"1146","dac96473-53ca-4191-8542-37c3ac6f36e9"
"1147","005aa5cd-18f0-49a1-a435-26b81ca593ed"
"1148","5b11b0ab-368b-42d8-a376-e1ed6cd0ddb3"
"1149","d76bc52b-833f-4603-ad5b-4321827bc2d9"
"1150","9defcea9-814c-40a6-845d-3904ac5396e3"
"1151","05c1ccd6-40b0-4b28-9d7c-7ed8ab11995e"
"1152","ab716f3a-e717-4a54-8c36-5bd3699f2a2c"
"1153","a74e57e2-d2ed-4edd-97d5-31cf1674418e"
"1154","f2699787-cc7e-4060-a00f-8af55364eb75"
"1155","48165e47-2245-4d93-a569-66987ee23b29"
"1156","236fd325-69ff-4bc8-abd2-0981c8c45b4b"
"1157","60a10c1d-b382-4ee9-8084-70e60d0a1bdc"
"1158","25bc51cc-72c4-4c7d-ad2b-9908fdf939de"
"1159","3fb7d759-4d11-4039-99e4-b18cc8fc011a"
"1160","bcd798e4-0b2c-4bdf-92cc-0212f5e61456"
"1161","045267a3-dfb1-4e89-93d3-cfe3e814088a"
"1162","7ffae846-40f9-4065-96e2-6e169f8c4a31"
"1163","d26e70de-2382-4232-8ad5-8e68a5ba2863"
"1164","fb9dc997-f3c7-4c9e-85f6-d9eb1385119e"
"1165","33f4e560-1b45-4205-9c55-6f40fc1a3c88"
"1166","1d183533-d406-4b40-97ab-2b38af45db04"
"1167","6bbeefe3-f891-4290-aa2b-24f00b3b3531"
"1168","9ffcdcb1-7e77-42df-98e3-2a4ebdb6d9ce"
"1169","a87dfc2d-0097-4ab0-bc66-cb6aafa4c88c"
"1170","9a063f10-420b-4950-9dab-7a56dc4f9e0d"
"1171","0beae900-dd56-4a08-b6e3-e0b880011d50"
"1172","72cb3dfb-9d33-4942-b452-2cb2cf2e9dd2"
"1173","5dc2da54-f61d-4ea1-9ab0-acbdf8402807"
"1174","e86b65c6-7629-4dd5-8ccb-f8d78d1da8f8"
"1175","f9dc43ae-0a8c-473c-8937-fd0b24d45e53"
"1176","f17b1d0c-b66b-4f27-a53b-d8e1c7f2b200"
"1177","09af2cb8-4d58-49d7-b569-9820a5b3f32d"
"1178","1cda5faa-9ccd-42b4-89f2-c1d3a520691f"
"1179","b5429e70-b55b-4058-a8f5-b55c8937b919"
"1180","9e00b2bc-6850-433f-a257-1d409084e9fb"
"1181","95dc18a7-760c-4913-9644-ed6342c79979"
"1182","31d34819-0dda-4e69-89f1-fb9da78b95bf"
"1183","df0d7160-074c-42bc-befe-c0afdbc350ef"
"1184","b942dcce-75e3-48f1-97a7-35fa347fb7f0"
"1185","0ace0235-2c4f-4de5-87d7-4ef17f268845"
"1186","739949e1-69ef-4542-bbdb-db96a8b9620a"
"1187","9380f5e5-f9c3-42fa-bd1a-f7f5d8bc44fe"
"1188","38f64ff6-5570-4485-af7f-6e8199ab534b"
"1189","4d36eda6-399e-4505-88dd-10ec47560d2c"
"1190","b8b9052c-3cd2-42fe-a333-76bde23d99d4"
"1191","66750d66-413a-4e05-9e7c-d31feda069ec"
"1192","18514c5a-fcc4-4037-9045-d84cca5ad7b6"
"1193","e511a135-a580-4ede-ac72-f2630837a40f"
"1194","4eca0d1b-27a9-4a06-b7a6-66d593e91fe5"
"1195","59268837-13c6-448a-b185-ffeac02eee13"
"1196","31d01aa3-154f-491d-84e0-443fa3f384cc"
"1197","93af8f6e-85b8-4438-817f-5f225427b340"
"1198","761b64d3-3926-4de0-84b4-85f92523f437"
"1199","9e2a2a3a-0429-48fb-aa74-5640be745aab"
"1200","3dc0adbc-4697-408b-a414-8c39ca562420"
"1201","516f3b7e-3eb5-4802-829f-b27172cb75a2"
"1202","6d62fa65-7917-4652-aa62-fb80713ad66d"
"1203","c59cdba7-14c6-42ee-b656-fa4b74e7dfce"
"1204","563d9d41-f2a0-4afa-b082-476949be42ae"
"1205","2af037a9-c5f3-43e1-a377-192a26200e49"
"1206","cb0fbc1c-5e80-4b5d-810f-91fbe31784ec"
"1207","50f257ee-a7b7-46f9-beb4-fce8b7e49d10"
"1208","061901e0-08e4-4da4-bb65-2ccaa8c266c1"
"1209","4a913a15-ef81-4e2b-b9fd-312517a74f44"
"1210","96cc9030-714e-4e23-876d-42cc2407fe81"
"1211","0240139b-55f7-4d41-bc6e-84eae00c46bd"
"1212","5703967a-03dc-4d1d-bcf1-4ec00eff5359"
"1213","036b51be-aa77-437b-a533-b96ddb6a3512"
"1214","a5e71a57-ed63-4bbb-b259-4d7839f2df11"
"1215","d4f7698f-e38f-4e4c-9476-4a4d3a442e8a"
"1216","a1604518-7f00-4379-8e89-cfaf16b41c93"
"1217","118457d1-5def-44ed-b495-1ae6b9cfdfd8"
"1218","1de5ad81-99aa-4bc9-afbd-04eb64e480a6"
"1219","3ee2762a-f499-4b52-9440-09e770eaccc8"
"1220","e4df2be4-2672-40c1-809e-1ef5269c26ff"
"1221","33d0cd30-5f16-4839-a9ca-1ad949ce40b9"
"1222","d6f5c275-e827-4fe5-ba4b-aaced177b279"
"1223","86e55ef0-150d-4b9e-ab1f-dea01ca2f96a"
"1224","570b7562-d673-497b-b3a1-d859c4b7838d"
"1225","38bfa2e9-082f-446b-a5d0-70212a8bfa16"
"1226","8a9b8517-ceea-4468-a6d8-096ab1e264d6"
"1227","47a5886f-3f60-4a13-9c9f-ae9cbfd502bf"
"1228","283bc232-9a48-4c70-ab7f-3eeca878ae87"
"1229","633b0197-4d06-48ca-ace0-541880cf62eb"
"1230","e7d329bc-a64d-4ae8-9bb8-e29a4d58f09a"
"1231","3a443205-0a1a-4467-919a-d0db35332163"
"1232","324c627b-b854-4bbc-bb5d-9b87c7851904"
"1233","3c1e0f0b-6257-49f2-862f-0b1ad26d3e17"
"1234","317a423b-b984-4755-884b-f9e8ffb410d9"
"1235","ae26cefd-facc-4342-8fc9-b4c7f7d4502b"
"1236","3ca08370-1c2f-409e-bc1e-2b11ca2f36ab"
"1237","940eb0f7-3a7c-4146-b127-651867ef2e0a"
"1238","790fcb74-9d5f-451d-92b6-cf67d7958311"
"1239","329af643-518c-4a82-8a60-395611dc455a"
"1240","d138ea51-7f90-49b3-9a24-f5fc8a234bb3"
"1241","9f5c279a-e25e-42e2-91b8-9d3eea476e6e"
"1242","b4f8ba60-fd52-40d8-a364-32d262eb0d99"
"1243","2e8050fa-41f4-4a6b-9664-2051f5669d8b"
"1244","2e00071d-287d-4beb-92a1-2c5c652bb930"
"1245","ada44e0c-0e8e-4b23-aaa2-47c3a4c4acf0"
"1246","bc3cc3b1-c0dc-45ad-8446-8ddc78502cb4"
"1247","be3dc9aa-840a-415c-8a97-63cda13c232b"
"1248","8448ab24-696a-4409-b881-c84b8c611329"
"1249","25fd43ff-8225-49cf-b371-174215ee90a2"
"1250","5d959955-55f1-414c-9314-7b8e95e15a50"
"1251","559c1f5f-1710-4208-86d0-7e96969d4ee7"
"1252","f33246a7-f422-461d-a4a5-41367bae5313"
"1253","d69a953c-00d1-4d77-94d9-f74523a46d53"
"1254","afa7df90-cf3f-4e96-8e55-3835793e3248"
"1255","34211db6-5587-491b-a31b-1a4f16af4d07"
"1256","3024973d-5552-412b-9fac-8c8bdaf99bc2"
"1257","34fb5165-c536-4fe7-ab4e-727550b0f8b7"
"1258","9724cfb2-1fc4-499d-a25d-9c31bbb51bc6"
"1259","47dd30cf-fa7f-49aa-b29e-da7d0b461b01"
"1260","4b3828d7-f5c2-49fd-9724-23da22207b91"
"1261","c6d84722-f019-41b4-a83b-a7becde2f822"
"1262","d7884ba4-5527-4f3e-ae5f-d95652110a98"
"1263","06fa20f8-9119-4628-b27b-ac1d57f906db"
"1264","ee1ec6fc-39d0-47d2-9de6-fe6a7ec95ce0"
"1265","b76e3386-e57e-42e9-98ec-bfc7cc8bacfb"
"1266","5778b265-b002-4d58-9c6d-b8a476d7bc85"
"1267","c89a2b6c-cd38-4ad7-8728-a5f850283c1a"
"1268","6ccad0c3-186a-4dc0-99fc-2fb85d6c4d17"
"1269","c77c446c-f85c-4fe1-bd26-5a764b8fdfe3"
"1270","ec2e5db1-2be3-49df-a9c1-64236af86fb8"
"1271","614c320d-9cbe-488b-962c-848d08a0544a"
"1272","94ff64eb-a23a-4a4e-a6e9-9ef76df90743"
"1273","b5ab5d6a-7391-467a-a5d9-50a82b06f5f7"
"1274","14b51436-e0e3-47bb-b676-bbc4bfc11ef2"
"1275","a9086cc5-7f65-418c-be89-7599cb8a3eda"
"1276","d249b46f-574d-4436-8265-6929319bf907"
"1277","aef5a5eb-07a5-4384-8a7c-86b829f97dc7"
"1278","b76b8ca9-80b8-46fc-8113-4dd7e45884c1"
"1279","2c47b206-7e6e-4949-8c5e-8144b4ae439d"
"1280","0f9b2c33-e0ee-44f2-9dfa-c0982d0031da"
"1281","2fae077d-d827-4584-bba5-10bf5e9b2006"
"1282","390e4a1f-eb1c-4f07-a7b1-8637a21037f9"
"1283","9f16bf4f-8179-49dd-a174-a9db97b4d13c"
"1284","b488cffd-c181-4b57-9e8e-7778af1da244"
"1285","a79e16f3-1bda-4a80-af1e-a981ef42e32e"
"1286","4070aeff-9cf2-4155-8920-e8265cc265ec"
"1287","b4a62e14-e9c4-46ec-b443-6ee0019f9bfd"
"1288","42b03a20-1afc-4a45-a4a7-6f4bca38dfca"
"1289","910e83ae-e4d0-4eba-8249-befee108d066"
"1290","9cc5791c-ed04-4bab-96ef-d866045ff2c2"
"1291","fb8a4452-e356-4017-be21-c5e03369fd36"
"1292","e652520f-a5ec-441e-8697-6ac20e270a17"
"1293","06200cc7-6a6e-41c4-aa77-7b6b32b03784"
"1294","708bde30-4f91-4aac-b2fe-3a58871ccb09"
"1295","2ace5a27-409f-4454-afef-dd15e31b64c4"
"1296","d21b8b9b-65cc-4346-a5b4-e5c506317784"
"1297","ba42b223-b187-41e4-b869-c1975c304f99"
"1298","37dfd099-93ca-411d-98c0-447514731f9a"
"1299","a8387cc6-ff2b-431f-8b17-4ddfcae70ec9"
"1300","c5477c54-35a9-4613-a20b-5cdaee391cc4"
"1301","6ddcf6d2-bde2-4c54-ab87-8d039c1694af"
"1302","d3cf8242-5f29-44b1-a352-98fa46b6ab6d"
"1303","8546f37c-c980-4afa-ac3e-7729900647ab"
"1304","6ff033cc-91fd-4515-b41c-d44acbeec28d"
"1305","991d3830-d47a-4611-a7de-166f0ad509e5"
"1306","92222bcc-22da-414d-8433-ae5e210c79fa"
"1307","19c21622-772c-45c0-ad20-4c2180d2b0b5"
"1308","dd8a157a-73c8-48ae-9807-9353cefeaae2"
"1309","97e63c1d-904a-4b2f-a7eb-edf668aeba2a"
"1310","01a139b2-7144-42bd-b1a8-ea661d053572"
"1311","82db4f4b-ec2f-46a5-a5d5-abcf669c3bce"
"1312","06fe4e02-3430-48bf-9415-394017ad1da3"
"1313","d9097b03-9da6-4b23-96b7-4e4d9e22d05e"
"1314","310e9138-fb25-4d62-8730-35e0343b9ddd"
"1315","d4288fbc-a397-47a8-ae08-47bbaedfe4be"
"1316","a08ddbcd-524a-4a06-8b7b-2bfbe845d4a1"
"1317","5c92646e-0dba-4637-95bb-f565d3fb1986"
"1318","e540f0de-5348-4611-9432-fe596681080e"
"1319","33a273c3-0176-421a-b9b4-172c47af43db"
"1320","7212112c-f057-4f5f-a93e-b01add7232b1"
"1321","b26ebbaa-5cf1-4b25-b2e0-85035370cb9e"
"1322","98318c6d-d878-4c5e-ac2d-efac85c7572a"
"1323","f5afd0c1-f9c9-4344-9493-9f35007170f1"
"1324","db43e700-7aec-44c7-9715-7b2e1d01f821"
"1325","b83ce165-6811-40b3-9eda-e11ad65e6138"
"1326","49b6ccd3-5b22-46e3-9707-12b2e7a1eb3a"
"1327","9745ee9d-b0b8-4c90-bbfe-dadd19112daa"
"1328","d3d4efab-cddc-4162-9810-474608188721"
"1329","2ec90000-4207-4ea8-8b85-a3f28c81eacf"
"1330","f8d885f8-69e6-4074-bcfa-8a7f1777310b"
"1331","07ba7c6b-6e65-4f36-917e-0bed295d068b"
"1332","311c147f-414b-4c1d-85e2-cded8c520c74"
"1333","6379f3f8-1394-4966-9c39-ba151b2c628e"
"1334","52884eb3-600d-4b53-8a48-678b100f17cf"
"1335","d56930f2-fd2c-4f87-bb63-c2487ebbcfe3"
"1336","1b34fd6f-0e3b-4778-b672-dfe6520e25b0"
"1337","de90bd34-c1eb-4430-b785-851ee84642dc"
"1338","7b7edb53-064c-4db0-bcf9-06667be15ac9"
"1339","868378b7-987d-4e31-a80c-042b8940a191"
"1340","efab4d8e-2da1-440a-8a03-a0e0adb8645f"
"1341","1777630c-4206-4c28-89f2-8be56a48cdcf"
"1342","fca6b674-8a67-4c98-ad2f-99fd70291b32"
"1343","134e4737-89c3-4129-801c-ad850f5799ea"
"1344","8cb47cc1-dad4-4da6-aab3-ef46b8954d71"
"1345","98f45d87-c96b-432a-9329-803d18f61c6d"
"1346","40822533-241a-4807-8dfe-eec1b296e45a"
"1347","744aeb7e-257f-4e99-9bc9-bd56a96aa87b"
"1348","5dcca073-ccf7-4873-a75a-d5a403c6e68c"
"1349","a775abc1-b351-4d0e-93dc-162afea9e400"
"1350","f299d2fe-e100-490f-81d7-0ca5b3976074"
"1351","f6df9eb2-a142-457e-80b0-89e3a79b9df7"
"1352","00d06b93-0a50-4b6b-b6cf-00378c874dab"
"1353","333aebf9-26cf-47cc-8e48-87f57d33fa47"
"1354","716358f5-ba57-4467-82bf-c9733eb90677"
"1355","91a2c694-8294-4878-8134-c1c6d10075aa"
"1356","c8c287c5-8b95-4002-a8d8-920b11a33b73"
"1357","0f332509-a88d-431b-976a-dec1631087fb"
"1358","5f9b1942-26f1-48e5-bb73-6947659c5c6f"
"1359","95840bbb-e148-407b-bfd2-fdc28aaa2375"
"1360","7ba1b53d-c168-4268-a280-6e64585cb34d"
"1361","01834dc5-6fed-4da0-a481-e4d78fa504df"
"1362","0dbc3310-b4c2-4d41-bf29-eb5559e33df4"
"1363","f2ed4b73-5ae0-4b30-9af0-63a9cf3e3548"
"1364","4d8b3391-515b-4699-92d6-91d842dd5e5c"
"1365","e3d22b55-1dca-4958-b76c-a758aff1d15e"
"1366","734f82ef-e93b-4751-91d1-496d6994abe6"
"1367","649a834c-48a1-4451-8825-5ea08b9df54c"
"1368","3bad9fc4-c1bc-4606-8177-8d3e99f4d37b"
"1369","1c51b21b-4cba-40d8-8f74-f302f850eec6"
"1370","e1d31bb2-288a-4238-ad37-5551cec4314b"
"1371","e5392fcd-8697-400d-b258-f40bc298741b"
"1372","a086b592-1662-4a4d-a5b3-d7a5229db91c"
"1373","5ab1ee16-9268-404e-8a7e-4f8ea88e891f"
"1374","ee2d7924-8b5c-4e52-b24d-ea88fdbb54ff"
"1375","ba52f087-af3c-4010-9899-a25c5e738156"
"1376","a95639e2-aac0-4436-b01d-77b2ef5ad9c8"
"1377","c7cbd558-642a-4de9-b558-5ff7e180c265"
"1378","a5180488-39a8-4e77-bf0f-a6fff771a707"
"1379","f773aed7-190b-494e-a0c2-a7922bf0f625"
"1380","df3005ba-9c75-4022-8d56-6edec1680383"
"1381","77aaccff-a0ee-46b1-9894-3f81832d5465"
"1382","d7c63f07-9707-4fb3-97f5-68e79d357861"
"1383","5cd5bf94-d0d8-4beb-bc17-b81687c67425"
"1384","8907cca7-29a3-41ba-9b79-90780401f3f4"
"1385","b1be2e2a-855a-47ca-8c5c-dd4d5cef982a"
"1386","7a113503-630d-42fd-89c7-eda46e1bc912"
"1387","ffe27a8e-b62e-4662-8843-fae421657739"
"1388","4e56d7cb-f31d-4a04-9cdb-73bc6d1a09f5"
"1389","8cac46c1-d79b-4b23-bdb2-81bf929117e1"
"1390","a00fb46b-6446-4d71-ad16-52ec00848690"
"1391","3f0d0545-7967-422e-8d75-0f9070bc7450"
"1392","4594ddfa-6d8a-4869-8abd-4bf434c2b523"
"1393","64a7e151-5474-4446-8c79-c541bda6e858"
"1394","1a5ae78d-fead-4f97-a2a6-22662b5d86e9"
"1395","3a5398ff-8f0e-4ae3-b730-220cccd32b1f"
"1396","5ee65629-5a14-44d1-ae1e-d33a9c704e0c"
"1397","d736fe60-487d-4a83-a073-77ecb6ffc125"
"1398","1591d920-5633-4b75-9efb-bac53c865b10"
"1399","081f2a61-e9c6-4eca-8ff9-97ba19eb4a2c"
"1400","1f555f14-f884-4a04-b290-0ef0b232bb61"
"1401","1644ca13-8489-4f9a-8d82-ac34424788ad"
"1402","b3b5e4dd-9a96-4dbc-b5e8-f18dd6c5cc6f"
"1403","98cf17aa-c900-41bc-82bc-3aee6a44edd9"
"1404","79ee6015-77ab-4078-907f-92121fa27553"
"1405","b83c8586-b7a1-4ff5-80f4-16a89c2d5d56"
"1406","d45bee96-9d02-4273-a822-f5a8fdfbc25f"
"1407","7e460bb8-664a-45cd-a1ef-af09ea400da7"
"1408","fbbe8a71-1b22-4343-ae53-122942779f7c"
"1409","bc4f54ad-c7aa-4a44-892a-66b03a19af26"
"1410","f96d6929-8a12-44d0-ab50-7e38664585cd"
"1411","8c681d09-84c6-4312-bd04-93e8ff427fd2"
"1412","730af915-5076-4553-90a7-b2471c75e2cc"
"1413","e4eab573-638f-4a83-b8a9-8a30a83d7b2e"
"1414","1dc7dc7e-2c4c-45ea-a226-a42392838919"
"1415","ed17e914-668a-4969-98c4-fd799acb44fd"
"1416","fc8c822a-2877-428a-9dd3-ede272d735f0"
"1417","f1614456-cd5f-4c9b-9960-a09dbeaf1bb3"
"1418","8b251d1e-f1ba-4018-9498-f06de1016c2b"
"1419","b06a22c8-ffc1-4282-9354-0ffb6a9fa168"
"1420","0f86e148-368f-43fd-9f62-8aa977aba647"
"1421","209b3400-6d5b-43c6-8d8b-d70b2a410b46"
"1422","f661f97a-38b4-4c4b-b5df-6ef09dd7f4e0"
"1423","28d5adf9-c5b8-4290-969f-70dfc4168d37"
"1424","91da5581-042c-433f-ae41-b279e6c7c02d"
"1425","5615aae4-a683-4d32-b5e1-70189c8dee15"
"1426","0969b015-0bef-4666-b16d-416056838ce1"
"1427","b8c55c4c-ee68-4c65-901c-fec4136f3dea"
"1428","4810a9bf-11f4-4e4c-9f74-201caca4a5d3"
"1429","80ffaaeb-0cfc-4f24-bac2-b55db507d43b"
"1430","c8a27715-2374-45e7-848a-b276ca1b7b92"
"1431","dc45823a-dd0d-44a7-a572-9257e0a3cbca"
"1432","bd15b3aa-0f48-4450-86eb-b7da260ef79e"
"1433","0bdecc03-50c4-4963-8b68-60d1da03f969"
"1434","a47a7d99-b0ca-4a10-a8fe-ce93b252da2a"
"1435","9961e2b6-af1c-474e-81b6-020398b62623"
"1436","d0678de1-d9ca-48ac-b446-c4ef66a50bce"
"1437","cc49bef3-a8ca-4f64-a240-7f1fd58d7cd3"
"1438","91eae9bd-761b-4535-92aa-10be4ba18064"
"1439","b6750b44-ea42-4a33-8f59-ba75aa39ebcc"
"1440","42d0a812-3ce6-4819-ace1-09cf6ce5fa5a"
"1441","d6c567e8-1500-45a0-b1ef-8253fff84522"
"1442","8b2e2664-fb40-4e37-b3a6-3434ac8f84e7"
"1443","a1e60f22-0580-497d-ad79-d35ec82e816a"
"1444","6afbab5d-7154-458e-9189-04f2c9fcaa41"
"1445","612dfaec-9cf1-4fbb-b118-1f86f1763c4d"
"1446","4a4ace93-5a36-4044-b36d-1f1c071592ca"
"1447","85134e15-4081-4641-bd56-6ad767b7dc62"
"1448","4672303a-c382-49ed-9fc9-9d4b02dbb343"
"1449","8d4df88c-1bf5-4a0d-967b-fbca997e3c50"
"1450","9a6f4ec2-158d-4323-8285-3c85567e54f0"
"1451","96cc0f96-974b-4835-bc3c-5046aeb8872e"
"1452","805de075-f06a-4080-aa13-db6913c2187a"
"1453","3d212531-4e02-492c-bf3e-7855de5a4cd2"
"1454","802e1164-6211-43e4-9ba9-e62c7c57734a"
"1455","01021453-83dc-4bfb-95bc-c13940169440"
"1456","a7e16f12-6483-4e67-9fe6-a198e22fc6c3"
"1457","fa1c818d-a63e-4ff3-96c1-1c95cbe9310f"
"1458","8331b4bf-f730-4ee3-affd-8d4c1180fd24"
"1459","fc66bb26-67a2-45f5-8ab5-d0e9a22e4a3d"
"1460","3d89327d-62e6-4afc-a93a-f5c43b6cb6a1"
"1461","3a926cf6-4aba-4270-9b02-3fffbc77e89e"
"1462","edc15c92-7cc1-41aa-bb93-85be74950f78"
"1463","037f2799-8f5f-477c-ae84-110ff1821220"
"1464","5deeaf9c-8773-4054-8eec-0888cb53364a"
"1465","68ca778c-186e-4a44-8a4c-300d09e60d28"
"1466","d9c4b479-281c-44df-9e7a-12c5244f97af"
"1467","df73665b-c561-485a-8e22-c53daa76097f"
"1468","3cd6defc-567e-4b97-8b23-cf7ede36bdb0"
"1469","535a1450-4243-4483-9b81-0ceeb2ab3c99"
"1470","e595e00d-0b5f-4c00-b20b-8d61588046d5"
"1471","ea2a4415-91cf-43ce-a575-4244039dde7d"
"1472","2037b538-069a-4ab4-896a-68fd1bf3e7d3"
"1473","63055f92-5da4-46b7-bc82-f63864e3de57"
"1474","f445e0ed-10ec-4789-ae62-4042e42fa3e3"
"1475","55ad32a8-5879-47be-98d8-323b52b04270"
"1476","24aca966-e992-4d9b-a61f-d6963f77efe3"
"1477","0b0d1add-9106-4fb5-bc35-985649ba1946"
"1478","005a059d-2dc1-48b1-9e0f-f1a4e59244f6"
"1479","44b01fa6-7b9a-4147-a8a5-84904760c3bf"
"1480","37d1e908-22fb-465d-bac4-7cca07fcb138"
"1481","364c50f7-f389-4649-8e3c-d7ff03121d03"
"1482","be30c807-47a4-4025-80c9-151c37b1b0e5"
"1483","2030f9c5-a0c4-4918-bd3e-08e763579405"
"1484","e7a7f4be-3498-4f69-945a-2203f0b9a44d"
"1485","c7a42951-5ffe-47f0-87f8-4ebf844e9913"
"1486","bfd7c32e-c4a2-4c73-aba1-79d1e55d28aa"
"1487","e9bd525d-9e03-48dd-b78a-f734b26206b9"
"1488","bbc35b54-270d-474e-b9d6-6d93911f3fc1"
"1489","55ae1025-5417-45c6-96d6-f4f602bafafa"
"1490","ba89e01a-62c6-4ff8-b487-4742be5cf405"
"1491","db051ae8-7f13-4577-a7e7-2881edb725ef"
"1492","df3b8555-15f8-46e8-bd54-b32df0f8332f"
"1493","1df46f08-5b5c-45ef-8a1c-122a51201505"
"1494","460d77e0-4765-4968-a1b7-facfd3a0ee92"
"1495","fa7480b0-049a-47d6-8bd0-04360c32b42a"
"1496","ff4a8e0e-7836-4ed3-ae88-ab703be0c25e"
"1497","5f461b9e-4743-4906-884e-b7ec41442da5"
"1498","e17096a1-cad2-4c2c-884b-6e4cf0381c06"
"1499","6e1708ee-7221-4fef-8a7a-40d605d18567"
"1500","a80a72f3-c1e1-4885-b06b-020fa65bda6c"
"1501","2ef0f65d-21e9-4c30-827f-11a42a95723c"
"1502","f2ec216e-3cd4-477b-93b5-1fc5501abb7a"
"1503","d4d78fb5-2d9d-4018-bc37-86ec9f31fb83"
"1504","0fabc929-70f1-4af5-88d5-db630fbca880"
"1505","e22c8a9f-7414-4caf-be36-db36a1c46fb8"
"1506","7b8ee1d6-0af2-4064-ad86-17d294b53d09"
"1507","9f808e39-f056-442e-ae21-6b28aea905dc"
"1508","7a7824fb-920a-4fa8-a19d-27f6029d7e98"
"1509","6d0d1b75-8e99-46e2-b47c-f5dc4a80d4b6"
"1510","cb0ad791-baa7-455c-9765-8dd7efb4facb"
"1511","94f2c484-0793-434c-ab5c-7cbcf3f749c5"
"1512","de8fe9c3-b167-4ef5-b88b-75f0f361407f"
"1513","63c1cd8d-a132-49fa-ac14-9ae712338fa6"
"1514","0fafba62-6718-42d4-a0a9-13f7872de003"
"1515","c0ae1eb9-2a0f-4eb3-b334-d15a7ede30ee"
"1516","99f5c927-8d60-41e4-9b07-348c7dbaf758"
"1517","f3b0c874-ead4-4e0b-abf3-79c4413955d4"
"1518","b106c71d-ebef-489c-ab33-b9838435a6bf"
"1519","b8d2ffd0-08e0-4af8-b6cf-d39ee703cfb1"
"1520","029b6681-3ebc-4e05-9730-474b40cb5999"
"1521","ddb2dbd6-4f1d-4c20-a719-3cbc1a64a516"
"1522","17f60375-b353-4fa8-adb1-660e0d0900c8"
"1523","70742349-3319-4760-bf83-348d0fc56bb6"
"1524","eb0a40b2-6aa4-4170-8e8a-caedb1cbed71"
"1525","82efc381-d52d-4c0b-8e79-1901935794c6"
"1526","155c47b1-c872-4a41-9792-642a5d31284a"
"1527","1d80ebe2-2fa7-40d1-bd4b-cd5d1f434db5"
"1528","36727ca2-4586-47fd-8599-a26b11d6c9d7"
"1529","c14d87af-d098-484e-876c-be9ddadadcae"
"1530","4601713e-2f4d-450a-b120-dd9be713f3dc"
"1531","bd9d46f1-5eba-493c-a67e-a916d244c530"
"1532","8cf4b622-90d4-4ff6-b5b6-3f68f523e2d8"
"1533","209bd4c9-7a14-4208-b585-383513905717"
"1534","3588e4ed-21df-447e-a079-869a199350d8"
"1535","504d21ab-0bd4-4b49-bb6f-cbeeb395ffcc"
"1536","20665a7d-17cf-4ae1-8b73-f6ed6e593e0a"
"1537","ef31f60a-1b3b-45d5-8335-9c07ad1ac449"
"1538","74a6d38d-f69d-4ebc-ac55-ff3754d9fdee"
"1539","b4e6b398-0fef-4e19-ae91-21987a83b406"
"1540","d5e8d6a0-9cda-480a-be1c-de8e15743e2b"
"1541","646f2e1d-7d26-43ca-a925-4e1931ef8832"
"1542","23500ce1-340f-47de-8c32-4bac2d26b1a6"
"1543","5ed907b7-7171-487a-bc5d-6fd839d3cc5f"
"1544","a823813e-6355-4278-a57e-1fa1d0a2b4d8"
